src,nodes,in_queue,leaves,explored_pct,best_bound,best_sol,gap_pct,cuts,in_lp,confl,lp_iters,time_s
,0,0,0,0.0,0.0,Inf,Inf,0,0,0,0,0.8
,0,0,0,0.0,74.36254961,Inf,Inf,0,0,3,3269,1.2
,0,0,0,0.0,84.1811635,Inf,Inf,3702,79,88,8305,6.5
L,0,0,0,0.0,84.1811635,1125.038697,92.52,3954,86,97,9627,11.8
,0,0,0,0.0,84.32597648,1125.038697,92.5,21,0,0,19205,12.6
,0,0,0,0.0,84.32597648,1125.038697,92.5,21,12,3,21954,13.1
,0,0,0,0.0,85.00463808,1125.038697,92.44,547,64,3,27684,18.7
L,0,0,0,0.0,85.00463808,136.9981114,37.95,573,69,3,28421,24.5
,19,0,1,0.0,85.00472293,136.9981114,37.95,614,21,4,159090,50.9
,140,86,10,0.0,85.00472293,136.9981114,37.95,2071,77,192,170010,55.9
L,206,127,30,0.0,85.08723378,134.0240104,36.51,2557,190,375,172381,64.5
T,257,130,35,0.0,85.08723378,133.4450268,36.24,2565,190,543,200483,67.1
T,291,131,46,0.0,85.08723378,132.1696186,35.62,2577,190,940,208379,69.2
L,306,167,49,0.0,85.08723378,128.4461948,33.76,3043,220,1004,209884,79.1
L,407,175,78,0.0,85.08723378,123.5413627,31.13,4641,220,2219,240319,91.7
L,418,104,83,0.01,85.08723378,114.7407319,25.84,4856,244,2378,258442,100.7
,467,108,98,0.75,85.08723378,114.7407319,25.84,4891,244,2748,295765,105.8
,523,119,120,0.86,85.08723378,114.7407319,25.84,4927,183,3412,315946,116.0
,571,116,142,1.57,85.08723378,114.7407319,25.84,6291,251,4099,343855,125.2
,666,119,191,2.64,86.74069724,114.7407319,24.4,6504,179,4571,355841,130.2
,688,112,198,2.64,86.74069724,114.7407319,24.4,7430,235,4795,375891,136.6
T,724,106,205,2.67,86.74069724,113.6422019,23.67,7448,235,4975,378056,138.0
T,746,98,207,2.69,86.74069724,111.5359697,22.23,7451,235,4979,378328,138.4
,813,113,221,3.36,86.80697234,111.5359697,22.17,7358,87,5297,393816,143.8
,862,123,241,3.5,86.80697234,111.5359697,22.17,7215,116,5910,415408,150.4
,942,129,275,3.66,86.80697234,111.5359697,22.17,7353,185,6323,431546,155.5
,1003,130,306,5.04,86.80697234,111.5359697,22.17,7403,185,7180,449106,160.7
,1049,137,324,5.35,87.00966914,111.5359697,21.99,7623,254,7712,464146,165.8
,1107,143,346,5.38,87.00966914,111.5359697,21.99,7664,254,8332,479588,171.0
,1159,153,367,5.42,87.00966914,111.5359697,21.99,7866,273,9127,493495,176.2
,1253,177,400,5.47,87.00966914,111.5359697,21.99,7780,75,9795,502610,181.3
,1370,193,442,5.49,87.00966914,111.5359697,21.99,7770,92,8259,514245,186.4
,1472,206,486,5.58,87.00966914,111.5359697,21.99,7769,98,9197,527479,192.1
,1508,209,497,5.63,87.00966914,111.5359697,21.99,7917,131,9523,544381,197.1
,1596,223,536,5.65,87.00966914,111.5359697,21.99,7689,162,8868,558981,202.2
,1635,228,547,5.76,87.00966914,111.5359697,21.99,8424,103,9400,578140,207.2
,1761,248,596,5.92,89.82059273,111.5359697,19.47,8504,113,9995,589021,212.2
,1850,259,633,5.93,89.82059273,111.5359697,19.47,8750,103,9887,605919,218.1
,1867,264,637,6.04,89.82059273,111.5359697,19.47,9347,115,9954,625638,223.9
,1984,301,675,6.09,89.82059273,111.5359697,19.47,9772,174,9817,645203,229.9
,1993,299,677,6.19,89.82059273,111.5359697,19.47,8968,346,9872,670928,236.6
,2034,304,695,6.82,89.82059273,111.5359697,19.47,8990,346,9307,687723,241.6
,2065,308,709,7.24,89.82059273,111.5359697,19.47,9018,346,9679,704391,246.8
,2095,312,719,7.73,90.30373924,111.5359697,19.04,9112,250,8650,720371,252.0
,2201,321,767,7.74,90.30373924,111.5359697,19.04,9291,131,9199,729100,257.1
,2290,335,802,7.74,90.30373924,111.5359697,19.04,8734,120,9805,737987,262.3
,2307,335,809,7.75,90.30373924,111.5359697,19.04,9268,232,9934,758270,267.7
,2348,337,827,7.76,90.30373924,111.5359697,19.04,9230,270,8272,773048,272.9
,2388,342,839,7.77,90.30373924,111.5359697,19.04,9628,170,8698,792895,279.1
,2523,357,900,8.47,90.84247883,111.5359697,18.55,9667,181,9530,801576,284.1
,2634,366,950,8.49,90.84247883,111.5359697,18.55,9562,75,9942,812595,289.2
,2689,368,975,8.49,90.84247883,111.5359697,18.55,9218,210,9375,829498,294.7
,2725,369,991,8.49,90.84247883,111.5359697,18.55,9345,267,9638,858789,302.6
,2773,376,1012,8.52,90.84247883,111.5359697,18.55,9371,267,9286,874480,307.7
,2808,389,1019,8.62,90.84247883,111.5359697,18.55,9548,325,9651,895434,313.4
,2867,392,1048,8.75,90.84247883,111.5359697,18.55,9591,325,8670,910559,319.0
L,2898,381,1059,8.76,90.84247883,111.4270583,18.47,10041,200,8810,918744,339.6
,2931,382,1071,10.18,90.84247883,111.4270583,18.47,10071,200,9170,977382,344.6
,2974,382,1094,11.87,90.84247883,111.4270583,18.47,10119,200,9942,993528,349.7
,3027,385,1115,13.07,91.29054319,111.4270583,18.07,9862,147,9797,1009000,354.8
,3093,387,1145,13.09,91.29054319,111.4270583,18.07,9902,147,9858,1024000,359.9
,3140,397,1164,13.13,91.29054319,111.4270583,18.07,9992,154,9055,1041000,364.9
,3202,401,1194,13.16,91.29054319,111.4270583,18.07,10045,165,9733,1061000,371.0
,3276,403,1227,13.17,91.29054319,111.4270583,18.07,10088,165,9742,1077000,376.5
,3317,408,1243,13.18,91.29054319,111.4270583,18.07,9957,178,9428,1096000,381.7
,3389,416,1275,13.18,91.29054319,111.4270583,18.07,9963,178,9947,1110000,386.8
,3436,417,1295,13.18,91.29054319,111.4270583,18.07,9863,190,9536,1129000,392.1
,3498,420,1324,13.18,91.29054319,111.4270583,18.07,9903,190,9979,1145000,397.3
,3538,423,1342,13.19,91.29054319,111.4270583,18.07,8565,114,9764,1165000,402.3
,3604,436,1366,13.19,91.29054319,111.4270583,18.07,8933,124,9176,1183000,407.4
,3649,436,1387,13.19,91.29054319,111.4270583,18.07,8955,124,9541,1204000,412.4
,3703,441,1411,13.19,91.29054319,111.4270583,18.07,9117,147,9895,1222000,418.0
,3755,444,1435,13.19,91.29054319,111.4270583,18.07,9144,147,9441,1242000,423.0
,3793,447,1451,13.19,91.29054319,111.4270583,18.07,9739,165,9664,1260000,428.0
,3831,451,1467,13.19,91.29054319,111.4270583,18.07,9758,165,9928,1278000,433.3
,3887,455,1489,13.2,91.29054319,111.4270583,18.07,9710,199,9842,1301000,440.3
,3944,463,1514,13.91,93.81347407,111.4270583,15.81,9720,135,9656,1316000,445.5
,4000,464,1540,13.91,93.81347407,111.4270583,15.81,9957,154,9696,1329000,450.5
,4049,464,1563,13.91,93.81347407,111.4270583,15.81,9972,154,9975,1345000,456.0
,4088,465,1581,13.91,93.81347407,111.4270583,15.81,10059,164,9666,1362000,461.3
,4131,468,1600,13.91,93.81347407,111.4270583,15.81,10078,164,9875,1384000,467.1
,4154,469,1609,13.91,93.81347407,111.4270583,15.81,9888,154,8709,1403000,473.3
,4198,472,1627,13.92,93.81347407,111.4270583,15.81,9899,154,9218,1418000,478.4
,4241,472,1649,13.93,93.81347407,111.4270583,15.81,9932,154,9527,1433000,483.4
,4288,476,1669,13.93,93.81347407,111.4270583,15.81,10006,169,9934,1448000,488.5
,4353,480,1700,13.93,93.81347407,111.4270583,15.81,9515,180,9858,1468000,495.7
,4399,481,1722,13.94,93.81347407,111.4270583,15.81,9541,180,9915,1484000,500.8
,4468,489,1752,13.94,93.81347407,111.4270583,15.81,9488,112,9051,1498000,505.8
,4536,490,1786,13.94,93.81347407,111.4270583,15.81,9526,112,9544,1513000,511.2
,4591,497,1799,13.94,93.81347407,111.4270583,15.81,9383,120,9729,1529000,516.2
,4677,537,1828,13.94,93.81347407,111.4270583,15.81,8820,141,9593,1538000,521.4
,4707,538,1843,13.94,93.81347407,111.4270583,15.81,8851,141,9199,1552000,526.4
,4715,537,1845,14.04,93.81347407,111.4270583,15.81,9049,218,9271,1570000,532.0
T,4755,395,1863,15.36,93.81347407,110.5295475,15.12,9072,218,9542,1579000,535.8
,4818,420,1873,15.38,94.90001388,110.5295475,14.14,9009,235,9673,1601000,542.1
,4921,439,1911,15.38,94.90001388,110.5295475,14.14,9017,267,9942,1612000,547.1
,4968,441,1935,15.38,94.90001388,110.5295475,14.14,9050,267,9647,1625000,552.5
,5002,440,1950,15.38,94.90001388,110.5295475,14.14,9055,149,9897,1638000,557.5
,5071,447,1982,15.38,94.90001388,110.5295475,14.14,9081,149,9518,1652000,562.5
,5080,446,1986,15.38,94.90001388,110.5295475,14.14,9168,202,9652,1672000,569.0
,5128,448,2006,15.38,94.90001388,110.5295475,14.14,9186,202,9955,1689000,574.1
,5175,453,2028,15.38,94.90001388,110.5295475,14.14,9000,122,9579,1708000,581.0
,5251,456,2061,15.38,94.90001388,110.5295475,14.14,9044,122,9239,1724000,586.9
,5291,469,2078,15.38,94.90001388,110.5295475,14.14,8738,128,9364,1740000,592.0
,5346,470,2104,15.38,94.90001388,110.5295475,14.14,8762,128,9658,1753000,597.0
,5379,479,2116,15.38,94.90001388,110.5295475,14.14,8845,201,9783,1769000,603.1
,5429,479,2139,15.38,94.90001388,110.5295475,14.14,8868,201,9642,1783000,608.3
,5473,482,2161,15.38,94.90001388,110.5295475,14.14,8891,201,9892,1799000,613.7
,5491,485,2169,15.82,94.90001388,110.5295475,14.14,8171,185,9132,1816000,619.1
,5540,487,2191,16.26,94.90001388,110.5295475,14.14,8195,185,9299,1833000,624.3
,5589,494,2211,16.28,94.90001388,110.5295475,14.14,8515,241,9543,1846000,629.5
,5669,494,2248,16.28,94.90001388,110.5295475,14.14,8552,241,8750,1856000,634.5
,5692,499,2254,16.28,94.90001388,110.5295475,14.14,8323,397,8974,1888000,644.7
,5758,501,2286,16.32,94.90001388,110.5295475,14.14,8360,397,9367,1895000,650.1
,5789,512,2299,16.38,94.90001388,110.5295475,14.14,8229,324,9717,1919000,658.4
,5887,534,2334,16.45,94.90001388,110.5295475,14.14,8652,173,9588,1980000,691.2
,5985,548,2375,16.48,94.90001388,110.5295475,14.14,8693,173,9915,1991000,696.2
,6003,547,2379,16.56,94.90001388,110.5295475,14.14,7542,194,9767,2001000,701.3
,6032,547,2396,16.87,94.90001388,110.5295475,14.14,7559,194,9976,2012000,706.4
,6050,548,2403,17.62,94.90001388,110.5295475,14.14,7568,194,9316,2026000,711.4
,6078,549,2417,17.88,94.90001388,110.5295475,14.14,7588,194,9561,2037000,716.6
,6090,549,2424,17.9,94.90001388,110.5295475,14.14,8005,346,9812,2053000,723.7
,6100,548,2429,17.9,94.90001388,110.5295475,14.14,8064,360,9884,2068000,729.6
,6179,552,2463,17.9,94.90001388,110.5295475,14.14,8089,360,9650,2078000,735.0
,6204,563,2470,17.93,94.90001388,110.5295475,14.14,7569,155,9713,2090000,740.2
,6270,566,2490,17.93,94.90001388,110.5295475,14.14,7589,155,9577,2102000,745.3
,6331,592,2515,17.93,94.90001388,110.5295475,14.14,7668,184,9790,2114000,750.4
,6379,593,2537,17.93,94.90001388,110.5295475,14.14,7696,184,9893,2129000,755.7
,6405,594,2550,17.93,94.90001388,110.5295475,14.14,7734,184,9040,2140000,760.8
,6413,596,2552,18.03,94.90001388,110.5295475,14.14,8238,249,9140,2151000,767.1
,6432,596,2561,18.27,94.90001388,110.5295475,14.14,8248,249,9362,2158000,772.1
,6451,597,2571,18.31,94.90001388,110.5295475,14.14,8262,249,9733,2167000,777.2
,6487,597,2588,18.37,94.90001388,110.5295475,14.14,8282,249,9459,2175000,783.5
,6509,599,2599,18.61,95.53530231,110.5295475,13.57,8294,249,9698,2183000,788.6
,6541,598,2614,18.61,95.53530231,110.5295475,13.57,8476,286,9815,2190000,793.9
,6579,599,2633,18.61,95.53530231,110.5295475,13.57,8494,286,9961,2200000,799.1
,6612,600,2649,18.64,95.53530231,110.5295475,13.57,8292,368,9674,2218000,808.8
,6632,599,2659,18.71,95.53530231,110.5295475,13.57,8142,230,9879,2227000,813.9
,6689,606,2684,18.71,95.53530231,110.5295475,13.57,8172,230,9652,2236000,819.0
,6718,609,2697,18.71,95.53530231,110.5295475,13.57,8135,266,9835,2249000,824.8
,6756,610,2714,18.71,95.53530231,110.5295475,13.57,8171,266,9578,2274000,833.9
,6780,610,2725,18.71,95.53530231,110.5295475,13.57,8187,266,9880,2288000,839.4
,6821,617,2743,18.71,95.53530231,110.5295475,13.57,7581,287,9672,2302000,845.8
,6865,620,2763,18.74,95.53530231,110.5295475,13.57,7604,287,9607,2309000,852.1
,6897,622,2778,18.74,95.53530231,110.5295475,13.57,7625,287,8584,2317000,857.8
,6921,622,2789,18.76,95.53530231,110.5295475,13.57,7652,226,8757,2330000,863.9
,6982,623,2820,18.79,95.53530231,110.5295475,13.57,7678,226,9128,2337000,869.0
,7008,623,2831,18.79,95.53530231,110.5295475,13.57,7698,226,9427,2351000,875.4
,7017,627,2835,18.82,95.53530231,110.5295475,13.57,7024,265,9518,2370000,881.8
,7043,626,2846,18.94,95.53530231,110.5295475,13.57,7469,140,9993,2381000,887.5
,7075,629,2860,18.98,95.53530231,110.5295475,13.57,7492,140,9823,2391000,892.7
,7102,630,2871,19.05,95.53530231,110.5295475,13.57,7508,140,9351,2402000,897.8
,7134,632,2887,19.08,95.53530231,110.5295475,13.57,7526,140,9747,2411000,902.8
,7149,641,2890,19.11,95.53530231,110.5295475,13.57,7934,173,9926,2423000,908.1
,7176,645,2902,19.15,95.53530231,110.5295475,13.57,7945,173,9588,2433000,913.3
,7198,649,2911,19.19,95.53530231,110.5295475,13.57,7957,173,9769,2445000,919.1
,7217,652,2919,19.25,95.53530231,110.5295475,13.57,7967,173,9952,2455000,924.7
,7250,656,2931,19.28,95.53530231,110.5295475,13.57,8156,219,9416,2474000,934.6
,7273,659,2940,19.33,95.53530231,110.5295475,13.57,8163,219,9717,2486000,939.7
,7313,663,2958,19.33,95.53530231,110.5295475,13.57,8220,219,9296,2492000,945.3
,7355,674,2976,19.43,95.53530231,110.5295475,13.57,8625,258,9518,2500000,950.7
,7410,678,3000,19.46,95.53530231,110.5295475,13.57,8665,258,9836,2506000,956.1
,7465,691,3021,19.69,95.53530231,110.5295475,13.57,8684,75,9557,2515000,961.1
,7546,712,3048,19.71,95.53530231,110.5295475,13.57,8007,168,9841,2531000,969.3
,7565,712,3056,19.72,95.53530231,110.5295475,13.57,8016,168,9936,2542000,974.4
,7598,714,3073,19.75,95.53530231,110.5295475,13.57,8029,168,9550,2555000,979.7
,7681,716,3108,19.79,95.53530231,110.5295475,13.57,7985,109,9812,2564000,984.8
,7706,727,3116,19.81,95.53530231,110.5295475,13.57,7965,161,9861,2577000,990.5
,7806,743,3156,19.86,95.53530231,110.5295475,13.57,6723,112,9465,2593000,1000.2
,7842,743,3170,20.0,95.53530231,110.5295475,13.57,6909,137,9726,2611000,1008.2
,7893,743,3193,20.06,95.53530231,110.5295475,13.57,6930,137,9064,2621000,1013.6
,7943,759,3209,20.06,95.53530231,110.5295475,13.57,7304,118,9178,2637000,1021.6
,8003,761,3236,20.06,95.53530231,110.5295475,13.57,7326,118,9570,2647000,1026.7
,8069,775,3260,20.11,95.53530231,110.5295475,13.57,7438,130,9797,2656000,1031.7
,8147,782,3295,20.16,95.53530231,110.5295475,13.57,7941,280,9375,2675000,1041.3
,8225,787,3330,20.57,95.53530231,110.5295475,13.57,7977,280,9746,2684000,1046.4
,8249,796,3337,20.57,95.53530231,110.5295475,13.57,8183,262,9869,2697000,1052.3
,8318,796,3367,20.78,95.53530231,110.5295475,13.57,8212,262,9916,2707000,1057.4
,8343,812,3375,20.78,95.53530231,110.5295475,13.57,7741,287,9196,2719000,1063.7
,8374,813,3390,20.79,95.53530231,110.5295475,13.57,7767,287,9535,2729000,1068.9
,8416,814,3408,20.8,95.53530231,110.5295475,13.57,7789,287,9964,2738000,1074.1
,8445,818,3420,20.99,95.53530231,110.5295475,13.57,7394,347,9514,2760000,1083.6
,8487,821,3438,21.49,95.53530231,110.5295475,13.57,7417,347,8954,2769000,1089.5
,8554,849,3456,21.6,95.53530231,110.5295475,13.57,7499,178,9173,2785000,1097.1
T,8641,803,3482,21.61,95.53530231,110.2868484,13.38,7518,178,9376,2787000,1099.1
,8671,812,3497,21.61,95.53530231,110.2868484,13.38,7313,217,9594,2796000,1104.3
,8702,810,3513,21.61,95.53530231,110.2868484,13.38,7413,163,9141,2806000,1110.3
,8710,809,3517,22.4,95.53530231,110.2868484,13.38,7505,158,9223,2823000,1117.3
,8751,813,3534,23.23,95.53530231,110.2868484,13.38,7525,158,9479,2834000,1122.4
,8811,821,3561,23.5,95.53530231,110.2868484,13.38,7792,217,9773,2864000,1135.4
,8870,821,3578,23.55,95.53530231,110.2868484,13.38,7807,217,9991,2875000,1140.7
T,8870,818,3578,23.56,95.53530231,110.2268196,13.33,7807,217,9991,2875000,1140.9
,8917,846,3592,23.58,95.53530231,110.2268196,13.33,7716,193,9018,2904000,1153.0
,8963,847,3615,23.69,95.53530231,110.2268196,13.33,7745,193,9306,2914000,1159.0
,9013,859,3635,23.75,95.53530231,110.2268196,13.33,7769,193,9565,2929000,1166.1
,9018,858,3636,23.8,95.53530231,110.2268196,13.33,7648,214,9742,2943000,1171.9
,9117,879,3672,23.86,95.53530231,110.2268196,13.33,7217,242,9958,2952000,1178.6
,9153,884,3685,23.92,95.53530231,110.2268196,13.33,7231,242,9788,2963000,1183.8
,9220,904,3709,23.93,95.53530231,110.2268196,13.33,7193,268,9591,2984000,1193.1
,9258,908,3726,23.93,95.53530231,110.2268196,13.33,7208,268,9821,2997000,1198.6
,9292,911,3741,23.93,95.53530231,110.2268196,13.33,7218,268,9548,3010000,1203.6
,9318,920,3751,23.93,95.53530231,110.2268196,13.33,7123,160,9823,3024000,1209.3
,9359,920,3772,23.93,95.53530231,110.2268196,13.33,7472,196,9440,3035000,1215.7
,9394,919,3789,23.95,95.53530231,110.2268196,13.33,7078,221,9856,3044000,1220.7
,9441,919,3811,23.96,95.53530231,110.2268196,13.33,7110,221,9900,3052000,1226.0
,9467,924,3823,24.37,95.53530231,110.2268196,13.33,7144,383,9322,3065000,1232.1
,9490,923,3833,24.76,95.53530231,110.2268196,13.33,7119,392,9544,3098000,1246.6
,9524,924,3850,24.81,95.53530231,110.2268196,13.33,7138,392,9804,3106000,1251.8
,9556,924,3865,24.81,95.53530231,110.2268196,13.33,7157,392,9768,3113000,1257.3
,9577,924,3876,24.82,95.53530231,110.2268196,13.33,7174,392,9390,3122000,1262.3
,9593,927,3881,24.83,95.53530231,110.2268196,13.33,7180,441,9600,3141000,1270.0
,9623,928,3891,24.85,95.53530231,110.2268196,13.33,7192,441,9816,3152000,1275.3
,9682,931,3917,24.85,95.53530231,110.2268196,13.33,7217,441,9478,3162000,1281.2
,9708,943,3926,24.85,95.53530231,110.2268196,13.33,7150,202,9831,3172000,1286.2
,9792,969,3955,24.85,95.53530231,110.2268196,13.33,7155,231,9081,3188000,1294.9
,9823,969,3967,24.86,95.53530231,110.2268196,13.33,7165,231,9509,3194000,1300.6
,9855,970,3980,24.86,95.53530231,110.2268196,13.33,7175,231,9715,3202000,1305.6
,9889,989,3991,24.86,95.53530231,110.2268196,13.33,6940,279,9996,3211000,1312.3
,9903,989,3998,24.86,95.53530231,110.2268196,13.33,6951,279,9737,3216000,1317.3
,9929,989,4009,24.87,95.53530231,110.2268196,13.33,7019,206,9768,3228000,1325.8
,9953,989,4020,24.9,95.53530231,110.2268196,13.33,7035,206,9634,3238000,1330.8
,9988,992,4037,24.91,95.53530231,110.2268196,13.33,7052,206,9869,3248000,1335.9
,10024,1000,4053,24.92,95.53530231,110.2268196,13.33,7065,206,9313,3259000,1341.4
,10032,999,4054,24.92,95.53530231,110.2268196,13.33,5631,230,9460,3273000,1349.5
,10069,999,4073,24.92,95.53530231,110.2268196,13.33,5655,230,9883,3282000,1354.5
,10095,1004,4083,24.93,95.53530231,110.2268196,13.33,5695,243,9576,3291000,1359.9
,10131,1004,4100,24.93,95.53530231,110.2268196,13.33,5716,243,9859,3297000,1365.2
,10165,1006,4117,24.93,95.53530231,110.2268196,13.33,5734,243,9680,3304000,1370.3
,10194,1008,4130,24.94,95.53530231,110.2268196,13.33,5401,247,9897,3315000,1376.9
,10222,1008,4143,24.94,95.53530231,110.2268196,13.33,5418,247,9835,3324000,1382.1
,10253,1010,4157,24.94,95.53530231,110.2268196,13.33,5432,247,9548,3332000,1387.3
,10281,1011,4171,24.94,95.53530231,110.2268196,13.33,5411,195,9681,3341000,1393.0
,10312,1009,4185,24.99,95.53530231,110.2268196,13.33,4970,205,9085,3357000,1401.3
,10409,1042,4218,25.65,95.53530231,110.2268196,13.33,5003,205,9439,3364000,1406.4
,10440,1042,4231,25.73,95.53530231,110.2268196,13.33,5220,187,9604,3373000,1411.4
,10447,1041,4235,25.79,95.53530231,110.2268196,13.33,4663,248,9875,3397000,1421.4
,10482,1042,4251,25.9,95.53530231,110.2268196,13.33,4684,248,9804,3406000,1426.8
,10534,1046,4275,25.92,95.53530231,110.2268196,13.33,4708,248,9387,3410000,1431.9
,10552,1049,4282,26.01,95.53530231,110.2268196,13.33,4701,207,9876,3420000,1436.9
,10603,1049,4306,26.26,95.53530231,110.2268196,13.33,4725,207,9645,3425000,1441.9
,10651,1053,4327,26.32,95.53530231,110.2268196,13.33,4837,238,9310,3435000,1448.6
,10696,1056,4349,26.34,95.53530231,110.2268196,13.33,4862,238,9923,3441000,1453.7
,10748,1059,4374,26.34,95.53530231,110.2268196,13.33,4888,238,10046,3446000,1458.9
,10756,1058,4375,26.35,95.53530231,110.2268196,13.33,5069,273,9396,3465000,1467.9
,10852,1077,4414,26.36,95.53530231,110.2268196,13.33,5056,287,9763,3474000,1473.7
,10898,1078,4436,26.38,95.53530231,110.2268196,13.33,5079,287,9307,3480000,1479.0
,10923,1075,4448,26.52,95.53530231,110.2268196,13.33,5058,212,9625,3499000,1487.1
,10980,1104,4461,26.59,95.5830759,110.2268196,13.29,5115,250,9796,3544000,1511.8
,11075,1117,4503,26.71,95.5830759,110.2268196,13.29,5152,250,9297,3552000,1517.1
,11137,1125,4525,26.84,95.5830759,110.2268196,13.29,5078,269,9551,3562000,1522.5
,11205,1135,4554,26.85,95.5830759,110.2268196,13.29,4889,312,9928,3572000,1529.3
,11251,1138,4571,26.87,95.5830759,110.2268196,13.29,4931,213,9759,3601000,1543.5
,11346,1151,4614,26.97,95.5830759,110.2268196,13.29,4604,271,9783,3609000,1549.0
,11448,1166,4656,27.1,95.5830759,110.2268196,13.29,4572,162,9001,3616000,1554.1
T,11501,771,4679,27.77,95.5830759,109.554285,12.75,4341,195,9497,3625000,1559.2
,11543,769,4689,28.04,95.5830759,109.554285,12.75,4309,237,9690,3639000,1564.6
,11630,795,4719,28.28,95.5830759,109.554285,12.75,4924,213,9841,3655000,1572.3
,11666,797,4736,28.35,95.5830759,109.554285,12.75,4944,213,9730,3670000,1578.3
,11702,799,4752,28.4,95.5830759,109.554285,12.75,4960,213,9949,3681000,1583.5
,11733,802,4766,28.44,95.5830759,109.554285,12.75,5038,254,9574,3690000,1588.6
,11763,802,4780,28.45,95.5830759,109.554285,12.75,5052,254,9834,3702000,1593.8
,11800,802,4798,28.45,95.5830759,109.554285,12.75,5070,254,9388,3714000,1598.9
,11828,807,4811,28.45,95.5830759,109.554285,12.75,5053,274,9505,3727000,1604.5
,11853,807,4824,28.45,95.5830759,109.554285,12.75,5063,274,9671,3741000,1609.9
,11876,807,4834,28.46,95.5830759,109.554285,12.75,5075,274,9847,3755000,1615.2
,11900,807,4846,28.46,95.5830759,109.554285,12.75,5088,274,9970,3768000,1620.2
,11918,807,4854,28.46,95.5830759,109.554285,12.75,5097,274,8895,3782000,1625.3
,11933,810,4861,28.46,95.5830759,109.554285,12.75,5108,204,9025,3792000,1631.0
,11963,811,4875,28.46,95.5830759,109.554285,12.75,5127,204,9318,3805000,1636.6
,11980,812,4882,28.47,95.5830759,109.554285,12.75,5105,221,9483,3819000,1641.9
,11986,811,4885,28.47,95.5830759,109.554285,12.75,5411,237,9610,3836000,1647.4
,12022,811,4902,28.47,95.5830759,109.554285,12.75,5425,237,9728,3848000,1653.9
,12051,811,4916,28.47,95.5830759,109.554285,12.75,5443,237,9918,3860000,1659.4
,12080,811,4929,28.47,95.5830759,109.554285,12.75,5458,237,9437,3872000,1664.6
,12098,815,4938,28.47,95.5830759,109.554285,12.75,5478,262,9618,3889000,1670.3
,12113,815,4945,28.47,95.5830759,109.554285,12.75,5495,262,9917,3903000,1675.3
,12143,816,4959,28.47,95.5830759,109.554285,12.75,5512,262,8729,3917000,1681.1
,12168,813,4971,28.49,95.5830759,109.554285,12.75,5598,191,9049,3950000,1692.0
,12198,814,4984,28.53,95.5830759,109.554285,12.75,5611,191,9231,3966000,1697.2
,12243,815,5006,28.53,95.5830759,109.554285,12.75,5628,191,9601,3978000,1702.2
L,12263,822,5016,28.53,95.58638265,109.554285,12.75,5903,319,9770,3983000,1749.7
,12291,822,5028,28.57,95.58638265,109.554285,12.75,5914,319,9402,4116000,1754.7
,12333,828,5046,28.59,95.58638265,109.554285,12.75,5977,391,9671,4130000,1759.7
,12357,827,5058,28.61,95.58638265,109.554285,12.75,5913,231,9946,4152000,1766.7
,12380,828,5069,28.65,95.58638265,109.554285,12.75,5929,231,9673,4169000,1772.1
,12417,828,5088,28.68,95.58638265,109.554285,12.75,5958,231,9611,4185000,1777.4
,12432,827,5096,28.71,95.58638265,109.554285,12.75,5828,289,9974,4200000,1782.6
,12469,828,5113,28.72,95.58638265,109.554285,12.75,6102,219,9843,4268000,1804.9
,12548,828,5151,28.74,95.58638265,109.554285,12.75,6129,219,9426,4281000,1810.7
,12605,842,5171,28.74,95.58638265,109.554285,12.75,5659,164,9648,4296000,1815.7
,12666,842,5203,28.74,95.58638265,109.554285,12.75,5724,180,9636,4309000,1820.8
,12719,842,5229,28.74,95.58638265,109.554285,12.75,5755,180,9926,4325000,1825.9
,12830,856,5273,29.13,95.58638265,109.554285,12.75,6307,186,9700,4338000,1830.9
,12868,857,5290,30.53,95.58638265,109.554285,12.75,6325,186,9862,4354000,1836.2
,12906,857,5308,30.57,95.58638265,109.554285,12.75,6339,186,9987,4368000,1841.3
,12940,858,5324,30.74,95.6191858,109.554285,12.72,6591,153,9630,4389000,1848.5
,12991,859,5346,30.85,95.6191858,109.554285,12.72,6608,153,9615,4404000,1853.7
,13027,863,5364,30.88,95.6191858,109.554285,12.72,6624,153,9857,4419000,1858.7
,13053,866,5375,30.98,95.6191858,109.554285,12.72,6652,181,9469,4434000,1863.9
,13081,866,5390,30.99,95.6191858,109.554285,12.72,6681,181,9399,4451000,1869.5
,13120,865,5410,31.04,95.6191858,109.554285,12.72,6679,252,9847,4462000,1874.5
,13129,863,5414,31.05,95.6191858,109.554285,12.72,6110,224,9419,4564000,1910.3
,13164,867,5428,31.06,95.6191858,109.554285,12.72,6126,224,9754,4581000,1915.4
,13232,868,5462,31.06,95.6191858,109.554285,12.72,6077,242,9652,4592000,1920.4
,13250,868,5469,31.34,95.6191858,109.554285,12.72,6383,301,9840,4607000,1925.8
,13280,870,5483,31.35,95.6191858,109.554285,12.72,6402,301,9391,4619000,1931.3
,13330,870,5509,31.35,95.6191858,109.554285,12.72,6426,301,9591,4631000,1936.4
,13373,874,5528,31.46,95.61978218,109.554285,12.72,6337,205,9560,4649000,1944.2
,13398,874,5541,31.53,95.61978218,109.554285,12.72,6352,205,9772,4664000,1949.6
,13458,874,5571,31.54,95.61978218,109.554285,12.72,6379,205,9396,4675000,1954.6
,13517,873,5601,31.55,95.61978218,109.554285,12.72,5476,217,9606,4684000,1959.7
,13564,871,5623,31.65,95.61978218,109.554285,12.72,4467,281,9409,4698000,1966.0
,13599,872,5639,31.72,95.61978218,109.554285,12.72,4481,281,9592,4713000,1971.2
,13637,872,5659,31.74,95.61978218,109.554285,12.72,4500,281,9864,4726000,1976.3
,13671,875,5673,31.89,95.61978218,109.554285,12.72,4442,211,9798,4739000,1981.3
,13709,877,5691,32.08,95.61978218,109.554285,12.72,4464,211,9505,4754000,1986.6
,13735,878,5702,32.13,95.61978218,109.554285,12.72,4475,211,9759,4766000,1993.1
,13768,884,5717,32.25,95.61978218,109.554285,12.72,4107,272,9691,4775000,1998.3
,13811,884,5735,32.3,95.61978218,109.554285,12.72,3755,240,9531,4795000,2006.5
,13894,890,5760,32.45,95.61978218,109.554285,12.72,3780,240,9691,4801000,2011.7
,13911,905,5768,32.47,95.6275346,109.554285,12.71,3785,179,9741,4806000,2016.9
,13933,905,5776,32.5,95.6275346,109.554285,12.71,3793,179,9837,4813000,2022.0
,13996,909,5803,32.5,95.6275346,109.554285,12.71,3817,179,9992,4818000,2027.1
,14029,921,5819,32.57,95.6275346,109.554285,12.71,3776,217,9700,4825000,2032.2
,14057,921,5832,32.58,95.6275346,109.554285,12.71,3788,217,9844,4835000,2037.2
,14090,922,5848,32.58,95.6275346,109.554285,12.71,3805,217,9976,4843000,2042.4
,14125,927,5859,32.58,95.6275346,109.554285,12.71,3963,233,9593,4853000,2047.7
,14196,939,5888,32.58,95.6275346,109.554285,12.71,3984,233,9852,4859000,2052.7
,14219,951,5898,32.58,95.6275346,109.554285,12.71,3762,184,10000,4865000,2057.8
,14252,953,5914,32.58,95.6275346,109.554285,12.71,3668,206,9998,4871000,2063.3
,14281,955,5927,32.58,95.6275346,109.554285,12.71,3681,206,9780,4878000,2068.5
,14307,956,5939,32.58,95.6275346,109.554285,12.71,3693,206,9868,4887000,2073.5
,14334,955,5954,32.58,95.6275346,109.554285,12.71,3916,228,9209,4897000,2078.9
,14336,954,5955,32.59,95.6275346,109.554285,12.71,3865,219,9358,4907000,2084.8
,14365,955,5969,32.59,95.6275346,109.554285,12.71,3881,219,9983,4914000,2089.9
,14404,955,5988,32.59,95.6275346,109.554285,12.71,3899,219,9311,4919000,2095.1
,14422,953,5997,32.59,95.6275346,109.554285,12.71,4578,270,9635,4930000,2102.2
,14507,961,6031,32.59,95.6275346,109.554285,12.71,4617,270,9915,4938000,2107.4
,14523,976,6035,33.37,95.6275346,109.554285,12.71,4429,168,9528,4949000,2113.9
,14540,976,6041,34.94,95.6275346,109.554285,12.71,4435,168,9733,4960000,2119.3
,14624,992,6073,34.95,95.70035562,109.554285,12.65,4604,261,9957,4968000,2124.6
,14642,994,6081,34.95,95.70035562,109.554285,12.65,4616,135,9458,4976000,2130.1
,14651,990,6086,34.95,95.70035562,109.554285,12.65,4725,162,9589,4989000,2136.3
,14773,1007,6131,34.95,95.70035562,109.554285,12.65,4902,180,9912,4994000,2141.6
,14849,1022,6163,35.0,95.70035562,109.554285,12.65,5263,237,9586,5005000,2147.9
,14874,1022,6174,35.05,95.70035562,109.554285,12.65,5129,264,9842,5063000,2171.1
,14899,1023,6185,35.19,95.70035562,109.554285,12.65,5125,158,9970,5079000,2176.3
,14957,1023,6214,35.21,95.70035562,109.554285,12.65,5155,158,9352,5092000,2181.5
,14984,1029,6227,35.21,95.93716753,109.554285,12.43,5181,158,9641,5105000,2186.6
,15069,1037,6260,35.28,95.93716753,109.554285,12.43,5239,180,9618,5115000,2191.6
,15107,1042,6276,35.28,95.93716753,109.554285,12.43,5336,334,9341,5127000,2197.6
,15171,1042,6303,35.28,95.93716753,109.554285,12.43,5364,334,9742,5136000,2202.7
,15216,1048,6325,35.28,95.93716753,109.554285,12.43,5043,148,9651,5148000,2208.0
,15283,1051,6356,35.28,95.93716753,109.554285,12.43,5761,173,9978,5162000,2214.0
,15319,1053,6373,35.28,95.93716753,109.554285,12.43,5941,195,9989,5175000,2219.1
,15365,1054,6393,35.28,95.93716753,109.554285,12.43,5851,211,9794,5190000,2224.1
,15434,1064,6423,35.33,95.93716753,109.554285,12.43,5800,250,9883,5207000,2230.0
,15483,1067,6445,35.43,95.93716753,109.554285,12.43,5823,250,9581,5222000,2235.1
,15537,1087,6463,35.5,96.05974637,109.554285,12.32,5810,209,9964,5240000,2240.9
,15647,1108,6507,35.5,96.05974637,109.554285,12.32,5650,233,9693,5252000,2245.9
,15738,1121,6541,35.5,96.05974637,109.554285,12.32,5737,241,9958,5268000,2251.7
,15827,1125,6576,35.5,96.05974637,109.554285,12.32,5765,241,9077,5282000,2256.7
,15941,1151,6624,35.52,96.05974637,109.554285,12.32,5625,154,9389,5300000,2263.5
,15962,1151,6635,35.61,96.05974637,109.554285,12.32,5205,178,9481,5442000,2305.0
,16021,1159,6658,35.64,96.05974637,109.554285,12.32,4976,200,9749,5459000,2310.4
,16118,1168,6693,35.64,96.05974637,109.554285,12.32,4889,126,9593,5476000,2316.6
,16197,1176,6724,35.65,96.05974637,109.554285,12.32,4900,126,9489,5490000,2321.6
,16245,1180,6743,35.81,96.05974637,109.554285,12.32,4953,150,9789,5506000,2326.8
,16321,1189,6775,35.92,96.09639911,109.554285,12.28,4848,165,9968,5525000,2332.8
,16406,1191,6809,35.93,96.09639911,109.554285,12.28,4861,165,9606,5541000,2337.8
,16526,1215,6855,35.93,96.09639911,109.554285,12.28,4671,189,9318,5554000,2343.2
,16585,1216,6885,35.95,96.09639911,109.554285,12.28,4700,189,9608,5567000,2348.2
,16632,1220,6905,35.99,96.09639911,109.554285,12.28,4658,152,9876,5580000,2353.3
,16687,1219,6932,36.02,96.09639911,109.554285,12.28,4636,160,9605,5596000,2358.4
,16767,1228,6962,36.02,96.09639911,109.554285,12.28,4002,174,9978,5613000,2363.9
,16861,1236,6998,36.02,96.09639911,109.554285,12.28,3890,182,9318,5626000,2369.0
,16905,1237,7018,36.02,96.09639911,109.554285,12.28,3908,182,9482,5645000,2374.0
,16968,1246,7045,36.02,96.09639911,109.554285,12.28,3617,138,9847,5662000,2379.2
,17066,1262,7084,36.02,96.09639911,109.554285,12.28,3615,174,9612,5681000,2385.0
,17110,1263,7103,36.75,96.09639911,109.554285,12.28,3397,252,9635,5699000,2390.1
,17153,1265,7123,37.53,96.09639911,109.554285,12.28,3411,252,9657,5716000,2395.1
,17199,1271,7141,38.13,96.10890418,109.554285,12.27,3416,268,9958,5735000,2400.2
,17303,1276,7187,38.48,96.10890418,109.554285,12.27,2956,301,9712,5747000,2405.3
,17359,1276,7214,38.91,96.10890418,109.554285,12.27,2975,301,9634,5764000,2410.4
,17437,1278,7241,38.92,96.10890418,109.554285,12.27,2929,216,9800,5777000,2415.5
,17526,1296,7280,38.92,96.10890418,109.554285,12.27,3151,248,9608,5789000,2420.5
,17594,1297,7307,38.92,96.10890418,109.554285,12.27,3077,261,9691,5804000,2425.5
,17747,1320,7375,38.92,96.10890418,109.554285,12.27,3122,269,9616,5813000,2430.5
,17861,1326,7427,38.92,96.10890418,109.554285,12.27,3179,111,9805,5825000,2435.8
,17988,1350,7479,39.01,96.10890418,109.554285,12.27,4054,221,9532,5842000,2442.3
,18020,1351,7492,39.03,96.10890418,109.554285,12.27,4075,221,9856,5862000,2448.1
,18038,1351,7500,39.04,96.10890418,109.554285,12.27,4098,221,9279,5881000,2453.4
,18088,1363,7520,39.09,96.14826795,109.554285,12.24,4368,150,9581,5907000,2461.2
,18132,1366,7541,39.72,96.14826795,109.554285,12.24,4344,174,9847,5923000,2466.8
,18235,1385,7582,39.72,96.14826795,109.554285,12.24,4368,240,9605,5940000,2473.3
,18293,1387,7609,39.77,96.14826795,109.554285,12.24,4402,240,9852,5958000,2479.4
,18333,1392,7627,39.79,96.14826795,109.554285,12.24,4432,236,9758,5973000,2484.9
,18361,1392,7640,39.79,96.14826795,109.554285,12.24,4450,236,9656,5988000,2490.0
,18385,1390,7652,39.9,96.14826795,109.554285,12.24,4666,279,9865,6004000,2495.4
,18412,1390,7666,39.92,96.14826795,109.554285,12.24,4697,279,9911,6020000,2500.7
,18430,1390,7674,39.94,96.14826795,109.554285,12.24,4721,279,9462,6039000,2506.0
,18459,1390,7688,39.95,96.14826795,109.554285,12.24,4751,279,9694,6060000,2511.9
,18513,1397,7703,39.95,96.14826795,109.554285,12.24,4615,176,9848,6074000,2516.9
,18610,1419,7744,40.0,96.14826795,109.554285,12.24,4842,223,9871,6101000,2526.3
,18712,1438,7786,40.36,96.15544805,109.554285,12.23,4804,144,9762,6112000,2531.3
,18763,1441,7811,40.65,96.15544805,109.554285,12.23,4835,144,9474,6134000,2538.1
,18798,1441,7826,40.76,96.15544805,109.554285,12.23,4849,144,9639,6155000,2543.5
,18916,1465,7874,40.82,96.15544805,109.554285,12.23,4899,190,9901,6169000,2548.6
,18950,1469,7888,41.17,96.15544805,109.554285,12.23,4845,162,9348,6186000,2553.8
,19017,1473,7916,41.25,96.15544805,109.554285,12.23,4873,162,9892,6199000,2558.9
,19046,1476,7929,41.27,96.15544805,109.554285,12.23,4842,181,9794,6222000,2565.0
,19141,1485,7974,41.29,96.15544805,109.554285,12.23,4854,181,9883,6235000,2570.1
,19185,1485,7994,41.32,96.15544805,109.554285,12.23,4692,195,9254,6257000,2576.5
,19238,1486,8019,41.33,96.15544805,109.554285,12.23,4709,195,9495,6275000,2581.5
,19273,1492,8033,41.4,96.15544805,109.554285,12.23,4557,148,9793,6294000,2587.2
,19327,1493,8059,41.41,96.15544805,109.554285,12.23,4575,148,9868,6314000,2592.2
,19345,1492,8069,41.42,96.15544805,109.554285,12.23,4390,156,9494,6431000,2649.6
,19398,1495,8092,41.42,96.15544805,109.554285,12.23,4410,156,9796,6448000,2654.7
,19423,1493,8106,44.57,96.19660833,109.554285,12.19,3834,188,9994,6469000,2660.3
,19436,1493,8112,44.6,96.19660833,109.554285,12.19,3557,127,9754,6487000,2666.0
,19467,1493,8128,44.6,96.19660833,109.554285,12.19,3570,127,9941,6505000,2671.2
,19518,1493,8148,44.6,96.19660833,109.554285,12.19,3585,127,9669,6523000,2676.7
,19555,1496,8165,44.6,96.19660833,109.554285,12.19,3283,136,9949,6537000,2681.7
,19592,1495,8182,44.63,96.19660833,109.554285,12.19,3089,168,9817,6564000,2689.5
,19624,1496,8198,44.65,96.19660833,109.554285,12.19,3103,168,9214,6586000,2695.3
,19654,1495,8214,44.72,96.19660833,109.554285,12.19,3075,137,9367,6604000,2700.5
,19686,1495,8229,44.72,96.19660833,109.554285,12.19,3086,137,9578,6623000,2705.8
,19721,1496,8245,44.77,96.19660833,109.554285,12.19,3033,190,9873,6641000,2710.9
,19749,1495,8260,44.97,96.19660833,109.554285,12.19,3493,226,9731,6659000,2716.6
,19769,1496,8269,45.67,96.19660833,109.554285,12.19,3641,234,9953,6674000,2722.0
,19804,1498,8285,46.58,96.19660833,109.554285,12.19,3661,234,9749,6689000,2727.1
,19842,1499,8303,46.6,96.2733212,109.554285,12.12,3808,292,9991,6702000,2732.1
,19887,1499,8326,46.6,96.2733212,109.554285,12.12,3791,307,9560,6714000,2737.1
,19900,1498,8331,46.61,96.2733212,109.554285,12.12,3749,188,9719,6740000,2744.1
,19983,1505,8364,46.61,96.2733212,109.554285,12.12,3774,188,9827,6752000,2749.3
,20037,1513,8390,46.61,96.2733212,109.554285,12.12,3871,184,9775,6769000,2755.3
,20060,1513,8401,46.61,96.2733212,109.554285,12.12,3893,184,9976,6788000,2760.3
,20080,1509,8413,46.64,96.2733212,109.554285,12.12,4130,173,9988,6804000,2765.4
,20106,1508,8424,46.72,96.2733212,109.554285,12.12,4116,208,9486,6822000,2770.5
,20193,1535,8454,46.76,96.2733212,109.554285,12.12,4103,156,9685,6836000,2775.6
,20297,1544,8497,46.81,96.2733212,109.554285,12.12,4044,246,9259,6856000,2782.1
,20350,1547,8522,46.87,96.2733212,109.554285,12.12,4074,246,9742,6871000,2787.1
,20393,1549,8544,46.92,96.2733212,109.554285,12.12,4115,246,9630,6886000,2792.1
,20411,1546,8553,46.96,96.2733212,109.554285,12.12,3072,225,9741,6901000,2797.4
,20457,1547,8576,47.02,96.2733212,109.554285,12.12,3098,225,9734,6913000,2802.4
,20507,1554,8596,47.04,96.2733212,109.554285,12.12,2874,208,9492,6925000,2809.4
,20535,1557,8607,47.05,96.2733212,109.554285,12.12,2713,224,9655,6937000,2814.5
,20584,1558,8631,47.06,96.2733212,109.554285,12.12,2743,224,9581,6948000,2819.6
,20635,1564,8653,47.06,96.2733212,109.554285,12.12,2772,247,9755,6959000,2824.8
,20687,1566,8678,47.06,96.2733212,109.554285,12.12,2799,247,9428,6970000,2829.8
,20715,1566,8691,47.07,96.2733212,109.554285,12.12,2635,208,9729,6987000,2835.1
,20768,1566,8718,47.13,96.2733212,109.554285,12.12,2669,208,9558,7002000,2840.2
,20815,1571,8739,47.16,96.2733212,109.554285,12.12,2651,247,9992,7019000,2846.4
,20915,1583,8783,47.2,96.2733212,109.554285,12.12,2768,278,8937,7034000,2852.3
,20972,1590,8807,47.23,96.2733212,109.554285,12.12,2796,278,9353,7049000,2857.5
,21015,1600,8825,47.24,96.2733212,109.554285,12.12,2707,220,8967,7063000,2863.1
,21055,1601,8843,47.24,96.2733212,109.554285,12.12,2744,229,9512,7075000,2868.3
,21087,1601,8858,47.25,96.2733212,109.554285,12.12,2630,269,9392,7090000,2873.8
,21142,1603,8882,47.25,96.2733212,109.554285,12.12,2659,269,9587,7102000,2878.9
,21172,1603,8896,47.26,96.2733212,109.554285,12.12,2544,278,9838,7119000,2884.1
,21193,1604,8905,47.26,96.2733212,109.554285,12.12,2563,278,9078,7135000,2891.1
,21225,1606,8921,47.27,96.2733212,109.554285,12.12,2583,278,9341,7151000,2896.1
,21270,1607,8942,47.27,96.2733212,109.554285,12.12,2555,235,9327,7171000,2903.8
,21322,1609,8966,47.27,96.2733212,109.554285,12.12,2599,235,9605,7182000,2908.8
,21371,1616,8988,47.28,96.2733212,109.554285,12.12,2536,256,9344,7196000,2914.3
,21424,1616,9014,47.28,96.2733212,109.554285,12.12,2565,256,9782,7210000,2919.5
,21487,1619,9042,47.29,96.2733212,109.554285,12.12,2511,270,8957,7221000,2924.6
,21539,1620,9066,47.29,96.2733212,109.554285,12.12,2538,270,9606,7234000,2929.7
,21579,1622,9084,47.33,96.2733212,109.554285,12.12,2600,223,9944,7251000,2934.8
,21670,1634,9124,47.33,96.32508272,109.554285,12.08,2474,255,9341,7265000,2940.0
,21757,1636,9166,47.34,96.32508272,109.554285,12.08,2484,266,8957,7279000,2946.2
,21788,1638,9181,47.34,96.32508272,109.554285,12.08,2508,266,9475,7292000,2952.0
,21832,1638,9203,47.34,96.32508272,109.554285,12.08,2546,279,10000,7305000,2957.3
,21855,1635,9216,47.34,96.32508272,109.554285,12.08,2707,211,9959,7321000,2962.6
,21885,1634,9231,47.36,96.32508272,109.554285,12.08,2644,246,9243,7337000,2968.2
,21929,1632,9253,47.44,96.32508272,109.554285,12.08,3075,219,9695,7352000,2973.5
,21965,1636,9269,47.54,96.32508272,109.554285,12.08,3107,219,9590,7370000,2978.6
,22001,1638,9285,47.57,96.32508272,109.554285,12.08,3138,219,9231,7388000,2983.8
,22038,1639,9305,47.57,96.33455084,109.554285,12.07,3415,248,9640,7405000,2989.6
,22067,1637,9320,47.58,96.33455084,109.554285,12.07,3927,396,9953,7418000,2994.9
,22099,1635,9337,47.59,96.33455084,109.554285,12.07,4055,241,9490,7432000,3000.0
,22147,1633,9362,48.27,96.38076194,109.554285,12.02,4176,264,9997,7449000,3005.8
,22202,1633,9388,48.27,96.38076194,109.554285,12.02,4134,313,9196,7468000,3012.0
,22247,1637,9409,48.27,96.38076194,109.554285,12.02,4161,313,9683,7485000,3017.0
,22294,1637,9431,48.27,96.38076194,109.554285,12.02,4180,313,9090,7501000,3022.1
,22330,1641,9446,48.28,96.38076194,109.554285,12.02,4206,334,9534,7518000,3027.5
,22387,1641,9476,48.29,96.38076194,109.554285,12.02,4239,146,9844,7531000,3032.6
,22422,1637,9492,48.29,96.38076194,109.554285,12.02,4415,243,9508,7554000,3039.5
,22508,1642,9533,48.3,96.38076194,109.554285,12.02,4460,243,8950,7567000,3044.8
,22548,1647,9552,48.33,96.38076194,109.554285,12.02,4516,159,9439,7583000,3050.2
,22618,1655,9584,48.33,96.38076194,109.554285,12.02,4544,159,9110,7600000,3055.4
,22657,1655,9602,48.34,96.38076194,109.554285,12.02,3989,293,9377,7613000,3060.9
,22726,1656,9633,48.36,96.38076194,109.554285,12.02,3934,238,9842,7648000,3071.4
,22763,1660,9651,48.36,96.38076194,109.554285,12.02,4013,353,9673,7667000,3077.5
,22790,1661,9662,48.38,96.38076194,109.554285,12.02,4038,374,9813,7685000,3082.8
,22875,1674,9697,48.38,96.38076194,109.554285,12.02,3861,197,9006,7696000,3087.8
,22933,1671,9727,48.41,96.38076194,109.554285,12.02,3624,256,9554,7710000,3094.1
,23044,1684,9772,48.56,96.53628661,109.554285,11.88,3615,162,9528,7722000,3099.3
,23103,1684,9798,48.58,96.53628661,109.554285,11.88,3635,224,9884,7740000,3104.5
,23157,1687,9822,48.62,96.53628661,109.554285,11.88,3657,224,9812,7760000,3109.7
,23200,1690,9844,48.66,96.53628661,109.554285,11.88,3541,329,9500,7775000,3114.9
,23235,1689,9859,48.71,96.53628661,109.554285,11.88,3576,173,9820,7792000,3120.5
,23279,1692,9880,48.73,96.53628661,109.554285,11.88,3607,173,9000,7806000,3125.5
,23312,1693,9897,48.96,96.53628661,109.554285,11.88,3886,268,9500,7822000,3130.8
,23399,1692,9939,49.19,96.53628661,109.554285,11.88,3926,116,9919,7837000,3135.8
,23434,1691,9955,49.49,96.53628661,109.554285,11.88,4216,300,9446,7852000,3141.3
,23500,1693,9984,49.73,96.53628661,109.554285,11.88,4250,300,9979,7863000,3146.5
,23529,1695,9998,49.99,96.53628661,109.554285,11.88,4107,212,9096,7878000,3151.6
,23575,1698,10019,50.01,96.53628661,109.554285,11.88,4144,212,9676,7892000,3156.8
,23620,1699,10042,50.02,96.53628661,109.554285,11.88,4445,289,9034,7903000,3162.3
,23640,1698,10046,50.03,96.53628661,109.554285,11.88,4587,203,9308,7920000,3167.5
,23714,1702,10076,50.04,96.53628661,109.554285,11.88,4625,203,9734,7932000,3172.6
,23728,1710,10080,50.04,96.53628661,109.554285,11.88,4753,224,9867,7983000,3185.7
,23775,1713,10098,50.09,96.53628661,109.554285,11.88,4775,224,9818,7997000,3190.8
,23827,1723,10119,50.11,96.53628661,109.554285,11.88,4724,259,9760,8172000,3296.0
,23879,1725,10141,50.12,96.53628661,109.554285,11.88,4749,259,9754,8184000,3301.1
,23927,1733,10161,50.13,96.53628661,109.554285,11.88,4799,265,9955,8201000,3308.9
,23960,1733,10174,50.13,96.53628661,109.554285,11.88,4809,265,9845,8208000,3314.0
,23988,1739,10186,50.14,96.53628661,109.554285,11.88,4778,165,9859,8215000,3319.7
,24018,1739,10201,50.16,96.53628661,109.554285,11.88,4792,165,9580,8227000,3325.3
,24053,1742,10217,50.17,96.53628661,109.554285,11.88,4809,165,9747,8239000,3330.5
,24087,1745,10233,50.17,96.53628661,109.554285,11.88,4892,239,9917,8252000,3336.5
,24122,1745,10251,50.18,96.53628661,109.554285,11.88,4912,239,9796,8266000,3342.6
,24153,1745,10266,50.18,96.53628661,109.554285,11.88,4928,239,9628,8279000,3347.7
,24183,1745,10281,50.18,96.53628661,109.554285,11.88,4947,239,9853,8288000,3353.0
,24190,1746,10283,50.2,96.53628661,109.554285,11.88,4733,353,9794,8298000,3358.6
,24209,1749,10292,50.42,96.53628661,109.554285,11.88,4750,353,9549,8311000,3364.2
,24242,1749,10306,50.57,96.53628661,109.554285,11.88,4767,353,9446,8324000,3369.4
,24279,1749,10323,50.78,96.53628661,109.554285,11.88,4785,353,9818,8337000,3374.8
,24299,1752,10332,50.8,96.9856234,109.554285,11.47,4751,261,9529,8350000,3379.8
,24343,1752,10354,50.8,96.9856234,109.554285,11.47,4442,304,9870,8365000,3385.9
,24348,1752,10356,50.81,96.9856234,109.554285,11.47,4444,304,9928,8391000,3393.7
,24396,1754,10377,50.81,96.9856234,109.554285,11.47,4466,304,8922,8404000,3398.7
,24444,1759,10397,50.81,96.9856234,109.554285,11.47,4206,336,9730,8418000,3404.4
,24483,1759,10415,50.84,96.9856234,109.554285,11.47,4223,336,9933,8432000,3409.4
,24534,1763,10438,50.84,96.9856234,109.554285,11.47,4251,336,9041,8442000,3414.5
,24577,1763,10460,50.85,96.9856234,109.554285,11.47,4272,161,9527,8454000,3419.5
,24620,1764,10480,50.85,96.9856234,109.554285,11.47,4295,161,9884,8602000,3461.6
,24666,1766,10500,50.86,96.9856234,109.554285,11.47,4318,161,9903,8615000,3466.9
,24713,1772,10521,50.91,96.9856234,109.554285,11.47,4326,176,9322,8629000,3472.2
,24735,1773,10529,50.91,96.9856234,109.554285,11.47,4336,176,9392,8640000,3477.5
,24803,1780,10557,50.96,96.9856234,109.554285,11.47,4352,197,9892,8649000,3482.6
,24847,1780,10578,50.99,96.9856234,109.554285,11.47,4373,197,9909,8660000,3488.3
,24893,1783,10600,51.0,96.9856234,109.554285,11.47,4305,164,9397,8671000,3493.5
,24940,1784,10623,51.01,96.9856234,109.554285,11.47,4327,164,9835,8683000,3498.7
,24974,1780,10640,51.04,96.9856234,109.554285,11.47,4516,181,9784,8697000,3503.7
,25018,1782,10659,51.06,96.9856234,109.554285,11.47,4533,181,9330,8710000,3509.3
,25028,1782,10664,51.06,96.9856234,109.554285,11.47,4539,181,9330,8724000,3514.5
,25045,1783,10672,51.06,96.9856234,109.554285,11.47,4533,116,9440,8740000,3520.2
,25066,1780,10683,51.08,96.9856234,109.554285,11.47,4673,178,9558,8756000,3526.6
,25124,1780,10707,51.1,96.9856234,109.554285,11.47,4691,178,9987,8770000,3532.2
,25167,1788,10724,51.11,96.9856234,109.554285,11.47,4557,231,9604,8785000,3538.3
,25222,1789,10751,51.11,96.9856234,109.554285,11.47,4580,231,9944,8795000,3543.5
,25267,1798,10769,51.11,96.9856234,109.554285,11.47,4871,218,9312,8808000,3550.0
,25279,1792,10777,51.11,96.9856234,109.554285,11.47,6504,143,9410,8819000,3555.4
,25307,1791,10790,51.12,96.9856234,109.554285,11.47,5680,173,9660,8831000,3560.5
,25362,1791,10816,51.13,96.9856234,109.554285,11.47,5699,173,9768,8845000,3565.9
,25402,1797,10831,51.14,96.9856234,109.554285,11.47,5649,186,8853,8860000,3570.9
,25454,1798,10856,51.14,96.9856234,109.554285,11.47,5674,186,9172,8874000,3576.0
,25495,1804,10875,51.14,96.9856234,109.554285,11.47,5601,196,9329,8886000,3581.0
,25564,1807,10906,51.15,96.9856234,109.554285,11.47,5628,196,9650,8899000,3586.2
,25591,1812,10917,51.15,96.99069461,109.554285,11.47,6246,228,9764,8912000,3591.6
,25614,1810,10929,51.15,96.99069461,109.554285,11.47,6290,204,9863,8925000,3596.6
,25651,1809,10947,51.15,96.99069461,109.554285,11.47,6267,223,9546,8938000,3601.8
,25685,1810,10964,51.15,96.99069461,109.554285,11.47,6285,223,9713,8956000,3607.5
,25707,1810,10974,51.15,96.99069461,109.554285,11.47,6295,223,9855,8971000,3612.7
,25735,1810,10988,51.15,96.99069461,109.554285,11.47,6311,223,9877,8989000,3617.9
,25756,1809,10999,52.72,96.99069461,109.554285,11.47,6899,187,8877,9004000,3623.6
,25793,1809,11016,52.72,96.99069461,109.554285,11.47,6917,187,8915,9018000,3628.7
,25838,1811,11038,52.72,96.99069461,109.554285,11.47,6943,187,9204,9031000,3633.8
,25866,1812,11050,52.73,96.99069461,109.554285,11.47,7335,162,9324,9049000,3640.2
,25947,1816,11089,52.77,96.99069461,109.554285,11.47,7368,162,9814,9057000,3645.3
,25966,1821,11096,52.77,96.99069461,109.554285,11.47,8033,213,9271,9071000,3651.1
,26011,1823,11116,52.8,96.99069461,109.554285,11.47,8020,251,9543,9084000,3656.5
,26018,1824,11118,52.81,96.99069461,109.554285,11.47,8026,251,9565,9098000,3661.7
,26045,1826,11129,52.82,96.99069461,109.554285,11.47,7942,274,9842,9112000,3667.0
,26065,1831,11137,52.83,96.99069461,109.554285,11.47,7955,274,9524,9152000,3682.7
,26102,1832,11153,52.84,96.99069461,109.554285,11.47,7971,274,9718,9166000,3688.3
,26135,1838,11167,52.84,97.25899518,109.554285,11.22,7998,292,9899,9181000,3694.5
,26162,1839,11180,52.86,97.25899518,109.554285,11.22,7438,142,9104,9194000,3701.9
,26186,1839,11192,52.87,97.25899518,109.554285,11.22,7450,142,9193,9203000,3707.2
,26213,1839,11205,52.87,97.25899518,109.554285,11.22,7463,142,9298,9217000,3713.7
,26240,1841,11219,52.87,97.25899518,109.554285,11.22,7472,142,9358,9226000,3719.0
,26258,1843,11228,52.87,97.25899518,109.554285,11.22,7482,142,9427,9237000,3724.2
,26277,1842,11237,52.87,97.25899518,109.554285,11.22,7442,174,9589,9246000,3729.5
,26303,1844,11249,52.87,97.25899518,109.554285,11.22,7451,174,9705,9255000,3734.7
,26323,1844,11259,52.88,97.25899518,109.554285,11.22,7418,184,9807,9264000,3739.7
,26335,1845,11264,52.88,97.25899518,109.554285,11.22,7424,184,9846,9275000,3746.7
,26359,1845,11276,52.89,97.25899518,109.554285,11.22,7438,184,9966,9284000,3751.7
,26377,1846,11283,52.89,97.25899518,109.554285,11.22,7855,189,9298,9293000,3757.6
,26415,1849,11301,52.93,97.25899518,109.554285,11.22,7873,189,9568,9303000,3762.7
,26421,1849,11304,52.94,97.25899518,109.554285,11.22,7876,189,9604,9322000,3770.8
,26436,1849,11310,52.96,97.25899518,109.554285,11.22,7885,189,9706,9334000,3776.2
,26464,1852,11322,52.96,97.25899518,109.554285,11.22,7416,216,9863,9346000,3782.7
,26478,1855,11323,52.96,97.25899518,109.554285,11.22,8340,137,9870,9354000,3787.9
,26570,1877,11362,52.96,97.25899518,109.554285,11.22,8734,160,9965,9360000,3794.7
,26589,1876,11372,52.96,97.25899518,109.554285,11.22,8660,174,9660,9374000,3804.9
,26639,1878,11391,52.96,97.25899518,109.554285,11.22,8681,174,9826,9383000,3811.7
,26690,1893,11411,52.98,97.25899518,109.554285,11.22,8540,221,9983,9397000,3820.7
,26721,1894,11426,53.02,97.25899518,109.554285,11.22,8558,221,9551,9403000,3825.8
,26733,1895,11433,53.05,97.30225086,109.554285,11.18,8686,211,9748,9412000,3831.8
,26737,1894,11434,53.05,97.30225086,109.554285,11.18,8350,278,9904,9425000,3838.9
,26762,1895,11447,53.05,97.30225086,109.554285,11.18,8375,278,9990,9432000,3844.2
,26797,1894,11464,53.05,97.30225086,109.554285,11.18,8061,217,9975,9446000,3853.5
,26813,1894,11470,53.06,97.30225086,109.554285,11.18,8071,217,9480,9493000,3875.9
,26859,1894,11493,53.07,97.30225086,109.554285,11.18,8094,217,9876,9501000,3880.9
,26897,1897,11510,53.07,97.30225086,109.554285,11.18,8101,237,9931,9514000,3887.4
,26939,1897,11530,53.07,97.30225086,109.554285,11.18,8126,237,9641,9522000,3892.4
,26986,1897,11553,53.07,97.30225086,109.554285,11.18,8150,237,9578,9532000,3898.0
,27003,1896,11563,53.07,97.30225086,109.554285,11.18,8091,287,9810,9541000,3903.3
,27079,1897,11600,53.12,97.30225086,109.554285,11.18,8104,174,9687,9551000,3910.9
,27130,1902,11622,53.38,97.30225086,109.554285,11.18,8126,174,9551,9559000,3916.0
,27172,1900,11644,53.4,97.36860658,109.554285,11.12,7848,216,9951,9569000,3921.8
,27186,1897,11653,53.79,97.36860658,109.554285,11.12,6542,220,9657,9580000,3927.0
,27210,1896,11664,53.82,97.36860658,109.554285,11.12,6142,166,9772,9596000,3933.8
,27235,1898,11675,53.89,97.36860658,109.554285,11.12,6154,166,9928,9610000,3939.1
,27277,1900,11695,53.9,97.36860658,109.554285,11.12,6176,166,9637,9622000,3944.8
,27295,1899,11703,53.91,97.62504537,109.554285,10.89,5652,206,9894,9635000,3950.4
,27391,1911,11742,53.91,97.62504537,109.554285,10.89,5659,211,9727,9644000,3956.4
,27400,1911,11745,53.91,97.62504537,109.554285,10.89,5386,255,9796,9657000,3962.0
,27456,1916,11770,53.91,97.62504537,109.554285,10.89,5410,255,9391,9665000,3967.6
,27485,1918,11782,53.91,97.62504537,109.554285,10.89,5424,255,9477,9678000,3972.7
,27500,1919,11791,53.91,97.62504537,109.554285,10.89,5435,272,9595,9688000,3977.8
,27507,1917,11793,53.94,97.62504537,109.554285,10.89,5148,236,9758,9699000,3982.9
,27525,1917,11803,54.45,97.62504537,109.554285,10.89,5175,236,9986,9711000,3987.9
,27539,1913,11813,54.7,97.62899137,109.554285,10.89,5418,113,9775,9723000,3992.9
,27569,1912,11824,55.09,97.62899137,109.554285,10.89,6145,224,9917,9738000,3998.7
,27651,1933,11857,55.09,97.64827496,109.554285,10.87,6037,130,9810,9749000,4003.7
,27658,1932,11862,55.09,97.64827496,109.554285,10.87,6165,184,9545,9767000,4010.6
,27686,1931,11876,55.14,97.64827496,109.554285,10.87,6171,203,9570,9776000,4015.7
,27696,1928,11879,55.15,97.64827496,109.554285,10.87,5825,277,9628,9798000,4023.2
,27800,1951,11921,55.18,97.64827496,109.554285,10.87,6237,135,9897,9808000,4028.4
,27805,1948,11925,55.57,97.77330293,109.554285,10.75,6007,338,9951,9817000,4033.6
,27814,1947,11930,55.59,97.77330293,109.554285,10.75,5180,158,9129,9829000,4039.8
,27849,1947,11945,55.6,97.77330293,109.554285,10.75,5200,158,9478,9843000,4044.9
,27876,1947,11959,55.6,97.77330293,109.554285,10.75,5275,179,9676,9854000,4049.9
,27893,1946,11968,55.65,97.77330293,109.554285,10.75,5884,219,9799,9868000,4055.7
,27904,1943,11974,55.65,97.77330293,109.554285,10.75,5777,130,8884,9882000,4061.6
,27935,1943,11990,55.85,97.77330293,109.554285,10.75,5805,130,9212,9895000,4066.9
,27939,1940,11993,55.85,97.77330293,109.554285,10.75,5753,235,9441,9909000,4074.2
,27972,1938,12010,55.85,97.77330293,109.554285,10.75,5102,198,9942,9921000,4080.7
,27987,1936,12017,55.85,97.77330293,109.554285,10.75,5078,249,9937,9931000,4086.1
,28021,1936,12034,55.85,97.77330293,109.554285,10.75,5011,311,9967,9940000,4091.4
,28052,1935,12050,55.95,97.82379126,109.554285,10.71,5052,141,9909,9951000,4096.5
,28076,1935,12059,55.96,97.82379126,109.554285,10.71,4864,227,8731,9967000,4102.8
,28097,1935,12070,56.01,97.82379126,109.554285,10.71,4884,227,8958,9981000,4107.8
,28112,1935,12075,56.05,97.82379126,109.554285,10.71,4625,247,9109,10003000,4114.9
,28168,1938,12101,56.05,97.82379126,109.554285,10.71,4563,280,9709,10017000,4121.0
,28179,1934,12109,56.06,97.82379126,109.554285,10.71,4558,242,9986,10031000,4126.6
,28193,1929,12119,56.13,97.95292904,109.554285,10.59,4439,241,9705,10046000,4132.2
,28198,1928,12120,56.14,97.95292904,109.554285,10.59,4980,248,9784,10067000,4139.6
,28228,1929,12133,56.18,97.95292904,109.554285,10.59,4997,248,9421,10089000,4146.2
,28254,1934,12146,56.2,97.95292904,109.554285,10.59,5009,248,9569,10105000,4151.3
,28299,1945,12162,56.2,97.95292904,109.554285,10.59,4954,191,9879,10121000,4157.4
,28327,1944,12176,56.2,97.95292904,109.554285,10.59,5043,291,9869,10136000,4163.6
,28366,1944,12195,56.2,97.95292904,109.554285,10.59,5065,291,9549,10151000,4168.9
,28424,1945,12225,56.2,97.95292904,109.554285,10.59,5192,181,9612,10165000,4174.3
,28434,1944,12228,56.24,97.95292904,109.554285,10.59,5038,286,9686,10179000,4179.5
,28461,1945,12241,56.39,97.95292904,109.554285,10.59,5055,286,9969,10196000,4185.2
,28488,1947,12253,56.56,97.95292904,109.554285,10.59,5072,286,9949,10211000,4191.2
,28520,1947,12270,56.59,97.95292904,109.554285,10.59,5088,286,9742,10225000,4196.9
,28545,1949,12283,56.73,98.07283042,109.554285,10.48,4909,228,9829,10238000,4202.7
,28575,1949,12295,56.75,98.07283042,109.554285,10.48,4922,228,9766,10256000,4209.5
,28619,1950,12317,56.75,98.07283042,109.554285,10.48,4937,228,9934,10265000,4214.5
,28648,1953,12331,56.75,98.07283042,109.554285,10.48,5121,252,9555,10278000,4219.7
,28684,1954,12348,56.76,98.07283042,109.554285,10.48,5142,252,9670,10288000,4225.0
,28713,1956,12361,56.76,98.07283042,109.554285,10.48,5160,252,9847,10306000,4231.5
,28746,1959,12377,56.76,98.07283042,109.554285,10.48,5483,278,9847,10317000,4237.0
,28750,1957,12379,56.76,98.07283042,109.554285,10.48,5276,201,9869,10333000,4244.1
,28790,1958,12397,56.76,98.07283042,109.554285,10.48,5294,201,9968,10344000,4249.1
,28821,1958,12413,56.76,98.07283042,109.554285,10.48,5313,201,9811,10355000,4254.2
,28845,1960,12423,56.76,98.07283042,109.554285,10.48,5324,201,9925,10369000,4259.9
,28871,1966,12434,56.87,98.07283042,109.554285,10.48,5213,301,9478,10389000,4267.4
,28895,1966,12446,56.93,98.07283042,109.554285,10.48,5227,301,9784,10404000,4272.7
,28911,1967,12454,56.94,98.07283042,109.554285,10.48,5237,301,9934,10420000,4278.0
,28931,1965,12463,56.94,98.07283042,109.554285,10.48,5333,189,9900,10440000,4285.4
,28987,1966,12488,56.99,98.07283042,109.554285,10.48,5356,189,9638,10455000,4292.3
,29056,1980,12517,57.0,98.16353226,109.554285,10.4,5166,228,9923,10464000,4297.3
,29082,1977,12530,57.0,98.16353226,109.554285,10.4,5644,334,9737,10481000,4305.8
,29116,1978,12547,57.03,98.16353226,109.554285,10.4,5664,334,9967,10495000,4312.1
,29178,1986,12575,57.03,98.16353226,109.554285,10.4,5760,210,9959,10506000,4317.7
,29181,1984,12577,57.04,98.16353226,109.554285,10.4,6061,243,9986,10523000,4325.9
,29217,1982,12594,57.14,98.16353226,109.554285,10.4,5892,153,9306,10535000,4331.7
,29247,1983,12608,58.36,98.30004222,109.554285,10.27,6032,158,9515,10545000,4336.8
,29289,1983,12630,58.37,98.30004222,109.554285,10.27,6059,158,9840,10557000,4342.4
,29343,1985,12654,58.37,98.30004222,109.554285,10.27,6098,170,9925,10567000,4347.5
,29358,1986,12661,58.37,98.30004222,109.554285,10.27,6112,170,9470,10591000,4356.9
,29395,1987,12679,58.37,98.30004222,109.554285,10.27,6131,170,9657,10603000,4362.0
,29439,1989,12698,58.37,98.30004222,109.554285,10.27,6035,182,9889,10616000,4367.5
,29500,1992,12726,58.37,98.30004222,109.554285,10.27,6062,182,9519,10626000,4372.5
,29540,1993,12747,58.37,98.30004222,109.554285,10.27,6387,129,9820,10634000,4377.5
,29543,1991,12749,58.37,98.30004222,109.554285,10.27,6279,164,9832,10803000,4458.9
,29572,1991,12763,58.37,98.30004222,109.554285,10.27,6296,164,9979,10826000,4466.7
,29610,1992,12781,58.37,98.30004222,109.554285,10.27,6321,164,9444,10841000,4471.7
,29645,1995,12796,58.42,98.30004222,109.554285,10.27,6420,188,9750,10858000,4477.5
,29665,1992,12807,58.51,98.34870492,109.554285,10.23,6153,224,9791,10875000,4484.7
,29695,1995,12819,58.57,98.34870492,109.554285,10.23,6211,144,9981,10890000,4490.1
,29744,1999,12841,58.6,98.34870492,109.554285,10.23,6236,144,9980,10905000,4495.2
,29778,2002,12855,58.61,98.34870492,109.554285,10.23,5973,170,9864,10918000,4500.5
,29801,2003,12867,58.61,98.34870492,109.554285,10.23,6056,178,9930,10930000,4506.3
,29824,2005,12876,58.93,98.34870492,109.554285,10.23,6091,252,9723,10947000,4511.4
,29902,2019,12906,58.95,98.42927611,109.554285,10.15,6275,251,9963,10961000,4517.5
,29934,2018,12921,58.98,98.42927611,109.554285,10.15,5894,181,9635,10978000,4525.0
,30005,2023,12952,59.08,98.42927611,109.554285,10.15,5938,181,9995,10991000,4530.7
,30047,2035,12970,59.08,98.42927611,109.554285,10.15,6021,224,9725,11004000,4535.8
,30060,2034,12976,59.09,98.42927611,109.554285,10.15,5963,262,9845,11022000,4542.4
,30067,2035,12979,59.09,98.42927611,109.554285,10.15,5976,262,9921,11039000,4548.6
,30090,2037,12989,59.09,98.42927611,109.554285,10.15,6003,262,9690,11054000,4555.3
,30114,2039,13001,59.1,98.42927611,109.554285,10.15,6023,262,9863,11066000,4560.5
,30142,2040,13014,59.1,98.42927611,109.554285,10.15,6047,262,9343,11084000,4567.8
,30158,2043,13021,59.1,98.6146475,109.554285,9.99,6826,191,9445,11094000,4572.8
,30180,2044,13032,59.19,98.6146475,109.554285,9.99,6650,259,9617,11107000,4578.6
,30196,2043,13040,59.29,98.6146475,109.554285,9.99,6513,384,9849,11126000,4586.1
,30234,2044,13058,59.29,98.6146475,109.554285,9.99,6533,384,9918,11137000,4591.7
,30253,2045,13067,59.29,98.6146475,109.554285,9.99,6549,384,9838,11149000,4596.8
,30279,2046,13079,59.29,98.6146475,109.554285,9.99,6563,384,9375,11160000,4601.9
,30294,2048,13085,59.29,98.6146475,109.554285,9.99,6396,243,9566,11171000,4607.4
,30320,2049,13098,59.29,98.6146475,109.554285,9.99,6411,243,9770,11181000,4612.9
,30337,2050,13105,59.29,98.6146475,109.554285,9.99,6423,243,9890,11194000,4619.1
,30364,2050,13117,59.29,98.6146475,109.554285,9.99,6435,243,9561,11203000,4624.4
,30391,2053,13130,59.29,98.6146475,109.554285,9.99,6448,243,9735,11213000,4629.9
,30396,2051,13132,59.3,98.6146475,109.554285,9.99,6498,365,9763,11225000,4635.6
,30422,2051,13145,59.31,98.6146475,109.554285,9.99,6513,365,9902,11236000,4641.4
,30447,2052,13157,59.31,98.6146475,109.554285,9.99,6529,365,9867,11248000,4646.8
,30461,2050,13165,59.32,98.6146475,109.554285,9.99,6527,417,9544,11260000,4652.5
,30491,2048,13180,59.34,98.66182009,109.554285,9.94,6549,444,9992,11271000,4657.7
,30517,2048,13193,59.34,98.66182009,109.554285,9.94,6566,444,9569,11286000,4663.0
,30545,2048,13207,59.34,98.66182009,109.554285,9.94,6581,444,9673,11299000,4668.2
,30554,2050,13211,59.34,98.66182009,109.554285,9.94,6586,444,9741,11315000,4673.4
,30566,2047,13216,59.34,98.66182009,109.554285,9.94,6470,205,9917,11331000,4678.8
,30605,2047,13237,59.34,98.66182009,109.554285,9.94,6494,205,9536,11341000,4684.4
,30636,2047,13253,59.34,98.66182009,109.554285,9.94,6510,205,9771,11354000,4689.8
,30670,2050,13268,59.34,98.66182009,109.554285,9.94,6517,222,9657,11367000,4695.4
,30701,2050,13283,59.34,98.66182009,109.554285,9.94,6536,222,9918,11379000,4700.5
,30719,2050,13293,59.34,98.66182009,109.554285,9.94,6566,222,9987,11396000,4706.3
,30744,2051,13305,59.39,98.66182009,109.554285,9.94,6406,290,9562,11410000,4711.7
,30787,2054,13322,59.39,98.66182009,109.554285,9.94,6498,256,9928,11421000,4716.7
,30873,2070,13358,59.4,98.66182009,109.554285,9.94,6266,305,9749,11432000,4721.7
,30906,2072,13374,59.44,98.66182009,109.554285,9.94,6282,305,9965,11445000,4726.7
,30959,2078,13396,59.45,98.66182009,109.554285,9.94,6306,305,9216,11459000,4732.1
,31005,2081,13415,59.46,98.66182009,109.554285,9.94,6174,158,9602,11470000,4737.1
,31053,2081,13438,59.46,98.66182009,109.554285,9.94,6199,158,9846,11487000,4742.6
,31073,2085,13447,59.46,98.67084846,109.554285,9.93,4993,194,9950,11502000,4747.6
,31104,2090,13461,59.46,98.67084846,109.554285,9.93,5008,194,9512,11518000,4752.7
,31126,2090,13471,59.46,98.67084846,109.554285,9.93,5009,178,9616,11532000,4757.7
,31185,2090,13497,59.46,98.67084846,109.554285,9.93,4910,196,9787,11544000,4762.8
,31235,2098,13520,59.46,98.67084846,109.554285,9.93,4931,196,9931,11558000,4767.9
,31250,2097,13526,59.46,98.67084846,109.554285,9.93,4796,216,9882,11574000,4773.6
,31269,2097,13535,59.46,98.67084846,109.554285,9.93,4815,165,9989,11602000,4782.5
,31287,2098,13544,59.46,98.67084846,109.554285,9.93,4833,165,9910,11617000,4787.5
,31318,2098,13559,59.46,98.67084846,109.554285,9.93,4849,165,9441,11636000,4793.7
,31358,2098,13577,59.46,98.67084846,109.554285,9.93,4867,165,9748,11650000,4798.7
,31393,2102,13594,59.47,98.67084846,109.554285,9.93,4611,198,9723,11664000,4803.7
,31451,2102,13621,59.47,98.67084846,109.554285,9.93,4917,150,9269,11674000,4808.8
,31514,2106,13650,59.47,98.67084846,109.554285,9.93,4938,177,9738,11688000,4814.5
,31591,2106,13687,59.47,98.67084846,109.554285,9.93,4973,177,9802,11702000,4819.5
,31632,2109,13704,59.47,98.67084846,109.554285,9.93,4901,197,9612,11716000,4824.6
,31692,2110,13732,59.47,98.67084846,109.554285,9.93,4929,197,9979,11731000,4829.7
,31720,2113,13744,59.48,98.67084846,109.554285,9.93,4570,210,9041,11754000,4836.7
,31785,2116,13776,59.53,98.67084846,109.554285,9.93,4599,210,9324,11768000,4842.0
,31819,2122,13790,59.55,98.67084846,109.554285,9.93,4014,165,9790,11785000,4848.2
,31901,2124,13830,59.55,98.67084846,109.554285,9.93,4051,165,9869,11799000,4853.3
,31940,2124,13843,59.61,98.67084846,109.554285,9.93,4090,193,9517,11817000,4858.6
,32010,2141,13873,59.61,98.67084846,109.554285,9.93,4144,236,9911,11834000,4864.7
,32063,2141,13898,59.61,98.67084846,109.554285,9.93,4168,236,9976,11851000,4869.8
,32096,2143,13914,59.61,98.67084846,109.554285,9.93,4192,236,9889,11867000,4874.8
,32143,2146,13937,59.61,98.67084846,109.554285,9.93,4100,134,9510,11883000,4879.8
,32195,2145,13962,59.61,98.67084846,109.554285,9.93,4092,192,9732,11903000,4886.2
,32250,2147,13987,59.61,98.67084846,109.554285,9.93,4117,192,9514,11919000,4891.4
,32273,2149,13998,59.61,98.67084846,109.554285,9.93,5320,165,9686,11937000,4897.4
,32304,2150,14012,59.61,98.67084846,109.554285,9.93,6026,284,9939,11952000,4902.7
,32315,2146,14018,59.62,98.67084846,109.554285,9.93,6541,267,9881,11969000,4908.6
,32375,2147,14043,59.66,98.67084846,109.554285,9.93,6569,267,9344,11990000,4914.7
,32414,2156,14062,59.66,98.68485718,109.554285,9.92,6530,290,9743,12002000,4920.0
,32445,2152,14078,59.68,98.68485718,109.554285,9.92,6700,345,9999,12020000,4925.0
,32494,2159,14098,59.68,98.68485718,109.554285,9.92,6722,345,9688,12033000,4930.1
,32558,2161,14123,59.69,98.68485718,109.554285,9.92,6304,220,9474,12060000,4938.1
,32618,2163,14151,59.7,98.68485718,109.554285,9.92,6337,220,9589,12076000,4943.4
,32660,2159,14174,59.73,98.72602441,109.554285,9.88,5877,200,9146,12097000,4949.7
,32740,2161,14208,59.73,98.72602441,109.554285,9.88,5505,145,9435,12109000,4954.8
,32794,2168,14234,59.84,98.84813785,109.554285,9.77,6637,286,9667,12122000,4960.2
,32838,2162,14256,60.01,98.84813785,109.554285,9.77,6667,319,9907,12138000,4965.3
,32880,2161,14275,60.58,98.87696941,109.554285,9.75,6747,212,9860,12156000,4971.1
,32974,2179,14316,60.58,98.87696941,109.554285,9.75,7108,273,9658,12172000,4976.7
,33002,2176,14330,60.58,98.87696941,109.554285,9.75,7454,264,9931,12189000,4982.4
,33032,2174,14345,60.68,98.87696941,109.554285,9.75,7766,133,9576,12206000,4988.1
,33131,2189,14386,60.69,98.87696941,109.554285,9.75,7226,191,9806,12214000,4993.3
,33235,2210,14424,60.69,98.87696941,109.554285,9.75,6857,167,9552,12233000,4999.9
,33301,2215,14453,60.7,98.87696941,109.554285,9.75,6879,167,9982,12246000,5005.0
,33334,2217,14467,60.7,99.01219211,109.554285,9.62,6472,241,9632,12262000,5010.0
,33364,2214,14482,60.71,99.01219211,109.554285,9.62,6758,118,9611,12282000,5016.0
,33434,2220,14512,60.75,99.01219211,109.554285,9.62,6787,118,9757,12299000,5021.1
,33456,2218,14523,61.04,99.0157023,109.554285,9.62,6413,230,9729,12316000,5026.2
,33476,2216,14534,61.04,99.0157023,109.554285,9.62,6653,213,9906,12333000,5031.3
,33588,2232,14574,61.04,99.0157023,109.554285,9.62,6637,286,9501,12348000,5036.4
,33629,2232,14594,61.04,99.0157023,109.554285,9.62,6665,286,9490,12366000,5041.4
,33686,2241,14620,61.05,99.0157023,109.554285,9.62,6629,298,9921,12385000,5047.4
,33794,2247,14670,61.25,99.01927563,109.554285,9.62,6098,114,9764,12400000,5053.0
,33809,2239,14681,61.34,99.01927563,109.554285,9.62,5643,266,9955,12421000,5058.5
,33855,2238,14704,61.4,99.01927563,109.554285,9.62,5607,352,9956,12441000,5064.8
,33911,2240,14728,61.42,99.01927563,109.554285,9.62,5650,352,9634,12454000,5069.9
,33969,2252,14753,61.42,99.01927563,109.554285,9.62,5501,261,9592,12465000,5075.0
,34006,2253,14771,61.42,99.01927563,109.554285,9.62,5444,373,9873,12482000,5080.0
,34047,2251,14791,61.43,99.02829061,109.554285,9.61,5882,254,9676,12502000,5085.7
,34097,2250,14818,61.43,99.02829061,109.554285,9.61,5784,204,9995,12514000,5090.7
,34101,2248,14820,61.83,99.02829061,109.554285,9.61,5675,260,9453,12534000,5096.6
,34130,2250,14833,62.87,99.02829061,109.554285,9.61,5702,260,9749,12551000,5101.8
,34160,2247,14846,62.93,99.02829061,109.554285,9.61,5382,312,9997,12566000,5106.9
,34210,2256,14865,62.93,99.02829061,109.554285,9.61,5398,312,9820,12583000,5112.2
,34241,2258,14880,62.93,99.02829061,109.554285,9.61,5436,376,9827,12600000,5117.6
,34273,2258,14895,63.91,99.02829061,109.554285,9.61,5353,170,9984,12621000,5122.9
,34297,2258,14907,65.59,99.02829061,109.554285,9.61,5376,170,9948,12643000,5128.2
,34331,2258,14920,66.01,99.08267936,109.554285,9.56,4844,157,9745,12661000,5133.2
,34430,2284,14960,66.05,99.08267936,109.554285,9.56,4839,177,9283,12678000,5138.4
,34485,2282,14984,66.06,99.08267936,109.554285,9.56,5178,234,9563,12692000,5143.5
,34570,2291,15025,66.06,99.08267936,109.554285,9.56,4830,221,9972,12705000,5148.7
,34614,2290,15045,66.06,99.08267936,109.554285,9.56,5113,280,9823,12722000,5154.3
,34676,2295,15069,66.07,99.08267936,109.554285,9.56,5136,280,9931,12738000,5159.4
,34699,2297,15078,66.07,99.08267936,109.554285,9.56,5146,280,9112,12792000,5170.8
,34740,2296,15097,66.09,99.12506792,109.554285,9.52,4811,181,9389,12808000,5176.0
,34772,2297,15112,66.1,99.12506792,109.554285,9.52,5516,234,9713,12828000,5181.4
,34804,2295,15128,66.86,99.23579496,109.554285,9.42,5857,187,9963,12839000,5186.4
,34864,2299,15154,67.11,99.23579496,109.554285,9.42,5888,187,9835,12854000,5191.4
,34894,2302,15168,67.18,99.23579496,109.554285,9.42,5579,172,9697,12872000,5197.0
,34943,2304,15191,67.2,99.23579496,109.554285,9.42,5605,172,9956,12890000,5202.2
,34965,2302,15203,67.22,99.23579496,109.554285,9.42,4503,197,9570,12908000,5208.6
,34996,2298,15221,67.41,99.36408649,109.554285,9.3,4864,214,9835,12925000,5213.7
,35046,2295,15247,67.41,99.36408649,109.554285,9.3,4957,236,9884,12944000,5218.8
,35071,2291,15260,67.49,99.36408649,109.554285,9.3,4900,228,9687,12966000,5224.1
,35137,2293,15291,67.69,99.36408649,109.554285,9.3,4934,228,9691,12987000,5230.0
,35185,2291,15316,67.83,99.3935575,109.554285,9.27,5824,298,9678,13005000,5235.5
,35192,2287,15320,67.83,99.3935575,109.554285,9.27,6189,134,9671,13025000,5240.8
,35268,2287,15357,67.83,99.3935575,109.554285,9.27,6222,134,9892,13043000,5246.0
,35306,2288,15377,67.88,99.3935575,109.554285,9.27,5596,305,9877,13057000,5251.6
,35323,2282,15389,67.93,99.40146151,109.554285,9.27,5672,147,9788,13075000,5256.6
,35335,2279,15393,67.94,99.40146151,109.554285,9.27,5316,197,9909,13095000,5262.1
,35363,2282,15408,69.2,99.46857562,109.554285,9.21,5752,100,9459,13344000,5394.1
,35391,2275,15425,69.32,99.46857562,109.554285,9.21,6731,200,9808,13362000,5399.9
,35413,2269,15440,69.62,99.69020426,109.554285,9.0,6712,98,9401,13380000,5405.0
,35439,2261,15454,69.62,99.77013698,109.554285,8.93,7317,342,9608,13397000,5410.0
,35537,2275,15498,69.63,99.77013698,109.554285,8.93,7002,120,9889,13411000,5415.6
,35610,2277,15532,69.63,99.77013698,109.554285,8.93,7047,120,9548,13425000,5420.7
,35705,2279,15573,69.63,99.94330151,109.554285,8.77,7179,269,9825,13436000,5425.7
,35720,2283,15583,69.84,100.1486925,109.554285,8.59,7220,339,10112,13449000,5430.9
,35728,2281,15587,69.84,100.1486925,109.554285,8.59,7545,253,9892,13468000,5436.0
,35733,2279,15590,69.84,100.1486925,109.554285,8.59,7286,136,9690,13485000,5441.2
,35865,2287,15646,69.84,100.1486925,109.554285,8.59,7247,151,9886,13499000,5446.2
,35913,2287,15672,69.84,100.1486925,109.554285,8.59,7287,151,9961,13520000,5451.3
,35930,2282,15684,69.89,100.1708166,109.554285,8.57,7263,192,9419,13536000,5456.6
,35938,2275,15691,69.9,100.1708166,109.554285,8.57,6988,314,9951,13574000,5466.3
,35960,2274,15701,69.91,100.1708166,109.554285,8.57,6513,168,9771,13594000,5471.4
,36046,2299,15731,69.92,100.1708166,109.554285,8.57,6391,180,9949,13613000,5476.7
,36082,2301,15747,69.92,100.1708166,109.554285,8.57,6583,232,9748,13634000,5482.0
,36096,2293,15758,69.93,100.1708166,109.554285,8.57,6977,305,9997,13663000,5490.0
,36201,2313,15798,69.93,100.1860532,109.554285,8.55,6938,211,9896,13678000,5495.7
,36215,2304,15809,70.04,100.4203263,109.554285,8.34,7188,403,9612,13709000,5503.7
,36238,2296,15823,70.05,100.4203263,109.554285,8.34,8091,244,9842,13737000,5510.9
,36291,2296,15849,70.39,100.4409222,109.554285,8.32,8147,256,9878,13756000,5516.3
,36323,2290,15868,70.4,100.4409222,109.554285,8.32,7656,170,9427,13771000,5521.4
,36424,2292,15914,70.42,100.4740715,109.554285,8.29,7118,240,9974,13786000,5526.4
,36454,2289,15930,70.42,100.4740715,109.554285,8.29,7319,271,9979,13802000,5531.5
,36491,2289,15948,70.61,100.4740715,109.554285,8.29,7204,255,9986,13819000,5536.5
,36568,2300,15973,70.72,100.4740715,109.554285,8.29,7229,255,9929,13837000,5541.6
,36620,2306,15998,70.75,100.48474,109.554285,8.28,6484,335,9856,13852000,5546.7
,36775,2310,16065,70.76,100.48474,109.554285,8.28,6302,125,9941,13863000,5552.0
,36839,2319,16092,70.76,100.48474,109.554285,8.28,6600,182,9664,13878000,5557.0
,36898,2319,16120,70.77,100.48474,109.554285,8.28,6628,182,9920,13898000,5562.0
,36928,2320,16134,70.77,100.5698012,109.554285,8.2,6521,218,9872,13919000,5567.2
,36953,2316,16149,70.77,100.6257856,109.554285,8.15,6090,278,9909,13939000,5573.4
,36983,2317,16163,70.77,100.6257856,109.554285,8.15,6445,169,9767,13954000,5578.4
,37013,2313,16180,71.16,100.6257856,109.554285,8.15,6623,225,9595,13971000,5584.1
,37081,2318,16210,71.56,100.6456218,109.554285,8.13,6724,128,9834,13986000,5589.2
,37180,2323,16258,72.34,100.6456218,109.554285,8.13,6879,196,9923,14031000,5602.1
,37267,2334,16292,72.55,100.6456218,109.554285,8.13,6910,196,9993,14047000,5607.1
,37304,2337,16311,72.65,100.7590525,109.554285,8.03,5772,248,9795,14061000,5612.5
,37455,2356,16369,72.74,100.7590525,109.554285,8.03,5969,131,9994,14073000,5618.0
,37496,2355,16388,72.74,100.7590525,109.554285,8.03,5662,250,9945,14089000,5623.4
,37534,2353,16409,72.74,100.8340784,109.554285,7.96,5789,132,9885,14106000,5628.6
,37610,2358,16440,72.75,100.8340784,109.554285,7.96,5601,139,9681,14122000,5633.6
,37785,2379,16515,72.75,100.8340784,109.554285,7.96,6641,313,9855,14138000,5640.7
,37843,2384,16540,72.75,100.8340784,109.554285,7.96,6667,313,9829,14156000,5645.7
,37882,2382,16561,72.75,100.8340784,109.554285,7.96,6765,292,9996,14176000,5651.1
,37928,2380,16585,72.76,100.8340784,109.554285,7.96,6891,130,9978,14193000,5656.2
,38001,2381,16619,72.76,100.8340784,109.554285,7.96,8627,305,9836,14216000,5663.0
,38027,2379,16633,72.76,100.950183,109.554285,7.85,8053,231,9696,14235000,5669.2
,38095,2384,16662,72.76,100.950183,109.554285,7.85,7851,171,9724,14247000,5674.2
,38176,2394,16699,72.78,100.950183,109.554285,7.85,8169,298,10036,14259000,5679.2
,38195,2389,16711,73.17,100.9635318,109.554285,7.84,8053,161,9890,14280000,5684.2
,38215,2386,16722,73.17,100.9635318,109.554285,7.84,6155,226,9973,14300000,5689.4
,38305,2392,16760,73.17,100.9635318,109.554285,7.84,6212,226,9950,14314000,5694.8
,38320,2395,16769,73.22,100.9635318,109.554285,7.84,5613,256,9745,14337000,5701.3
,38366,2395,16791,73.24,100.9635318,109.554285,7.84,5637,256,9664,14354000,5706.4
,38480,2404,16838,73.24,100.9902869,109.554285,7.82,5655,279,9987,14366000,5711.5
,38599,2426,16890,73.24,100.9902869,109.554285,7.82,4815,229,9935,14381000,5716.8
,38623,2425,16902,73.38,100.9902869,109.554285,7.82,5152,242,9917,14404000,5722.1
,38745,2426,16962,73.42,101.0130257,109.554285,7.8,5899,187,9981,14418000,5727.5
,38755,2422,16968,73.42,101.0470683,109.554285,7.77,5798,300,9876,14432000,5732.6
,38798,2417,16990,73.43,101.0470683,109.554285,7.77,6333,181,9709,14462000,5741.5
,38843,2419,17009,73.47,101.0470683,109.554285,7.77,6358,181,9943,14478000,5746.6
,38896,2428,17034,73.58,101.0470683,109.554285,7.77,6475,215,9637,14498000,5752.6
,38957,2431,17058,73.72,101.0470683,109.554285,7.77,6497,215,9969,14514000,5757.6
,39049,2440,17101,73.72,101.2796164,109.554285,7.55,7188,88,9895,14527000,5762.6
,39135,2440,17142,73.74,101.3814487,109.554285,7.46,6703,257,9595,14543000,5768.8
,39265,2448,17203,73.74,101.3814487,109.554285,7.46,6977,177,9876,14553000,5773.8
,39440,2459,17276,73.74,101.3814487,109.554285,7.46,6801,112,9982,14563000,5778.8
,39517,2478,17310,74.13,101.5482508,109.554285,7.31,6506,227,9929,14574000,5783.8
,39654,2486,17374,74.13,101.5482508,109.554285,7.31,6180,113,9766,14581000,5789.2
,39719,2486,17407,74.33,101.6451171,109.554285,7.22,5912,214,9997,14590000,5794.3
,39725,2485,17410,74.34,101.6451171,109.554285,7.22,6341,320,9691,14606000,5800.0
,39835,2489,17455,74.34,101.6451171,109.554285,7.22,6068,144,9952,14613000,5805.0
,39841,2487,17457,74.34,101.6451171,109.554285,7.22,6012,166,9660,14706000,5840.1
,39906,2487,17488,74.34,101.6451171,109.554285,7.22,6031,166,9719,14714000,5845.2
,39945,2491,17505,74.34,101.6451171,109.554285,7.22,6085,201,9914,14724000,5850.4
,40070,2506,17549,74.34,101.6451171,109.554285,7.22,6236,258,9927,14730000,5855.4
,40207,2532,17608,74.34,101.6451171,109.554285,7.22,6168,91,9668,14741000,5860.8
,40348,2531,17672,74.34,101.6451171,109.554285,7.22,6389,139,9790,14749000,5865.9
,40428,2535,17703,74.34,101.6451171,109.554285,7.22,6739,175,9713,14759000,5870.9
,40490,2550,17732,74.34,101.6451171,109.554285,7.22,6796,123,9940,14774000,5876.0
,40559,2558,17762,74.34,101.6451171,109.554285,7.22,6722,130,9911,14789000,5881.4
,40658,2574,17801,74.34,101.6789288,109.554285,7.19,6762,139,9912,14802000,5886.4
,40797,2580,17860,74.34,101.6789288,109.554285,7.19,6374,176,9932,14816000,5892.0
,40961,2592,17928,74.35,101.6789288,109.554285,7.19,6638,223,9886,14828000,5897.0
,41048,2605,17966,74.54,101.6789288,109.554285,7.19,6724,165,9481,14843000,5902.1
,41137,2610,17998,74.55,101.6789288,109.554285,7.19,7455,251,9752,14858000,5907.3
,41280,2613,18063,74.55,101.82303,109.554285,7.06,7764,122,9764,14868000,5912.4
,41337,2608,18089,74.59,101.82303,109.554285,7.06,7942,179,9886,14883000,5917.6
,41450,2632,18133,74.63,101.8401567,109.554285,7.04,6865,223,10103,14898000,5923.5
,41597,2634,18190,74.63,101.8401567,109.554285,7.04,5886,96,9915,14907000,5928.6
,41671,2649,18221,74.63,101.8401567,109.554285,7.04,6001,282,9860,14918000,5933.6
,41738,2652,18253,74.66,101.8401567,109.554285,7.04,6030,282,9830,14928000,5938.7
,41813,2652,18285,74.68,101.9158066,109.554285,6.97,5897,190,9941,14941000,5943.8
,41874,2662,18314,74.68,101.9158066,109.554285,6.97,5519,193,9946,14954000,5949.0
,41908,2661,18330,74.69,101.9158066,109.554285,6.97,5352,304,9740,14968000,5954.0
,41942,2660,18347,74.69,101.9685539,109.554285,6.92,5431,169,9991,14981000,5959.1
,42109,2684,18410,74.69,101.9685539,109.554285,6.92,5584,229,9789,14988000,5964.2
,42140,2681,18426,74.69,101.9685539,109.554285,6.92,5885,161,9946,15026000,5974.4
,42178,2682,18444,74.69,101.9685539,109.554285,6.92,5906,161,9586,15037000,5979.4
,42230,2682,18468,74.69,101.9685539,109.554285,6.92,5931,161,9880,15048000,5984.6
,42261,2689,18477,74.69,101.9685539,109.554285,6.92,6091,96,9981,15062000,5989.7
,42316,2696,18496,74.69,101.9685539,109.554285,6.92,6117,96,9806,15075000,5994.8
,42353,2704,18515,74.69,101.9685539,109.554285,6.92,6193,112,9864,15087000,6000.6
,42405,2706,18539,74.69,101.9685539,109.554285,6.92,6292,137,9855,15098000,6005.6
,42432,2703,18554,74.72,102.0188242,109.554285,6.88,6686,186,9732,15119000,6013.7
,42467,2706,18569,74.8,102.0188242,109.554285,6.88,6703,186,9889,15132000,6019.0
,42548,2722,18600,74.82,102.0188242,109.554285,6.88,6666,195,9755,15144000,6024.0
,42682,2730,18662,74.83,102.0188242,109.554285,6.88,6429,134,9903,15162000,6031.7
,42736,2731,18688,74.91,102.0188242,109.554285,6.88,6399,148,9758,15177000,6037.6
,42773,2732,18707,74.91,102.0188242,109.554285,6.88,6421,148,9978,15191000,6042.6
,42817,2733,18727,74.91,102.0188242,109.554285,6.88,6423,168,9965,15202000,6047.7
,42874,2733,18754,74.91,102.0188242,109.554285,6.88,6271,175,9931,15210000,6052.7
,42919,2733,18776,74.91,102.0188242,109.554285,6.88,6262,114,9732,15218000,6057.7
,42961,2730,18798,74.92,102.0531509,109.554285,6.85,6113,176,9831,15227000,6062.7
,43115,2736,18864,74.92,102.0531509,109.554285,6.85,5899,191,9906,15235000,6067.8
,43124,2739,18866,74.92,102.0531509,109.554285,6.85,5370,214,9997,15287000,6082.3
,43212,2751,18901,74.92,102.0531509,109.554285,6.85,5401,214,9844,15295000,6087.3
,43243,2761,18912,74.92,102.0531509,109.554285,6.85,5452,75,9473,15307000,6092.5
,43299,2762,18937,74.92,102.0531509,109.554285,6.85,5477,75,9921,15317000,6097.6
,43322,2765,18946,74.92,102.0531509,109.554285,6.85,5299,85,9663,15332000,6102.9
,43369,2765,18968,74.92,102.0531509,109.554285,6.85,5319,85,9813,15346000,6108.1
,43415,2771,18989,74.92,102.0531509,109.554285,6.85,5342,85,10056,15358000,6113.2
,43431,2769,18997,74.92,102.0531509,109.554285,6.85,4956,124,9811,15374000,6119.0
,43499,2772,19029,74.92,102.0531509,109.554285,6.85,4984,124,9898,15387000,6124.1
,43597,2780,19064,74.92,102.0531509,109.554285,6.85,4357,131,9825,15395000,6129.2
,43644,2792,19082,74.92,102.0678713,109.554285,6.83,4262,218,9469,15407000,6134.2
,43684,2793,19103,74.92,102.0678713,109.554285,6.83,4156,179,9764,15422000,6139.8
,43806,2803,19155,75.12,102.0678713,109.554285,6.83,4055,119,9803,15434000,6144.9
,43913,2821,19197,75.48,102.1226719,109.554285,6.78,4022,128,9871,15445000,6150.0
,44079,2825,19273,75.48,102.1226719,109.554285,6.78,4193,118,9627,15453000,6155.0
,44255,2846,19351,75.48,102.1226719,109.554285,6.78,5034,250,9726,15466000,6161.6
,44296,2842,19375,75.58,102.2110845,109.554285,6.7,5182,151,9887,15479000,6166.7
,44433,2845,19438,75.58,102.2110845,109.554285,6.7,5715,152,9832,15494000,6174.5
,44461,2847,19451,75.59,102.2110845,109.554285,6.7,5730,152,9772,15508000,6179.6
,44502,2848,19468,75.59,102.2110845,109.554285,6.7,5750,152,9708,15520000,6184.6
,44547,2853,19490,75.59,102.2110845,109.554285,6.7,5779,104,9917,15531000,6189.7
,44561,2856,19493,75.59,102.2110845,109.554285,6.7,5654,129,9981,15546000,6194.8
,44583,2857,19505,75.59,102.2110845,109.554285,6.7,5665,129,9835,15562000,6199.9
,44593,2857,19510,75.59,102.2110845,109.554285,6.7,5675,129,9956,15582000,6205.7
,44615,2859,19521,75.59,102.2110845,109.554285,6.7,5686,129,9974,15599000,6210.8
,44631,2858,19529,75.59,102.2110845,109.554285,6.7,5860,147,9983,15615000,6216.0
,44653,2858,19540,75.59,102.2110845,109.554285,6.7,5933,71,9765,15631000,6221.2
,44676,2859,19551,75.59,102.2110845,109.554285,6.7,5947,71,9810,15650000,6226.4
,44743,2876,19576,75.59,102.2110845,109.554285,6.7,5876,101,9842,15662000,6231.8
,44781,2873,19594,75.59,102.2110845,109.554285,6.7,5737,155,9914,15673000,6236.8
,44853,2874,19629,75.59,102.2110845,109.554285,6.7,5706,126,9654,15683000,6242.3
,44873,2873,19639,75.59,102.2110845,109.554285,6.7,5210,163,9805,15693000,6247.4
,44894,2873,19649,75.59,102.2110845,109.554285,6.7,5176,127,9885,15710000,6254.1
,44919,2866,19665,75.6,102.2228571,109.554285,6.69,5259,136,9766,15722000,6259.2
,44945,2867,19676,75.6,102.2228571,109.554285,6.69,5279,136,9885,15741000,6266.5
,45004,2868,19705,75.6,102.2228571,109.554285,6.69,5296,136,9971,15752000,6271.5
,45081,2869,19742,75.63,102.3414172,109.554285,6.58,5184,194,9990,15761000,6276.5
,45166,2876,19781,75.63,102.3414172,109.554285,6.58,5310,134,9709,15772000,6281.7
,45272,2878,19830,75.64,102.3722743,109.554285,6.56,5152,113,9925,15780000,6286.7
,45484,2894,19919,75.64,102.3722743,109.554285,6.56,5085,131,9692,15786000,6291.7
,45639,2915,19987,75.83,102.4495099,109.554285,6.49,5815,142,9244,15794000,6296.7
,45736,2913,20032,75.83,102.4495099,109.554285,6.49,5398,196,9490,15804000,6301.7
,45778,2918,20049,75.83,102.4495099,109.554285,6.49,5879,250,9572,15823000,6307.3
,45807,2919,20063,75.85,102.4495099,109.554285,6.49,5901,250,9523,15834000,6312.3
,45850,2921,20082,75.86,102.4495099,109.554285,6.49,5748,263,9493,15851000,6318.3
,45884,2922,20098,75.86,102.4495099,109.554285,6.49,5772,263,9989,15866000,6323.4
,45923,2925,20117,75.86,102.4495099,109.554285,6.49,5803,170,9643,15882000,6329.2
,45959,2925,20135,75.86,102.4495099,109.554285,6.49,5829,170,9869,15898000,6334.4
,46003,2925,20154,75.86,102.4495099,109.554285,6.49,5874,170,9901,15916000,6339.5
,46032,2926,20168,75.86,102.4495099,109.554285,6.49,5869,235,9777,15931000,6344.6
,46072,2921,20191,75.86,102.5129705,109.554285,6.43,4901,222,9950,15940000,6350.0
,46276,2943,20279,75.86,102.5129705,109.554285,6.43,4814,164,9873,15947000,6355.0
,46285,2942,20282,75.86,102.5129705,109.554285,6.43,4538,113,9957,15965000,6360.2
,46301,2943,20289,75.86,102.5129705,109.554285,6.43,4551,113,9926,15987000,6365.8
,46318,2943,20297,75.86,102.5129705,109.554285,6.43,4579,113,9572,16005000,6370.8
,46358,2944,20315,75.86,102.5129705,109.554285,6.43,4602,113,9901,16021000,6375.9
,46389,2949,20327,75.86,102.5129705,109.554285,6.43,4450,114,9872,16039000,6380.9
,46420,2949,20342,75.86,102.5129705,109.554285,6.43,4471,114,9855,16056000,6386.0
,46479,2954,20370,75.86,102.5129705,109.554285,6.43,4596,116,9938,16070000,6392.0
,46508,2955,20384,75.86,102.5129705,109.554285,6.43,4075,129,9890,16086000,6397.2
,46619,2969,20424,75.86,102.5129705,109.554285,6.43,4300,193,9883,16101000,6403.3
,46664,2971,20445,75.86,102.5129705,109.554285,6.43,4334,193,9968,16119000,6408.4
,46713,2971,20469,75.86,102.5129705,109.554285,6.43,4304,131,9977,16134000,6413.8
,46775,2970,20499,75.86,102.5129705,109.554285,6.43,4065,96,9950,16144000,6418.8
,46821,2971,20518,75.86,102.5129705,109.554285,6.43,3660,138,9933,16156000,6423.8
,46883,2978,20545,75.86,102.5129705,109.554285,6.43,3557,120,9753,16174000,6429.4
,46957,2982,20578,75.86,102.5129705,109.554285,6.43,3526,149,9611,16189000,6434.4
,47006,2982,20602,75.86,102.5129705,109.554285,6.43,3501,173,9960,16203000,6439.5
,47028,2981,20614,75.86,102.5297336,109.554285,6.41,3626,153,9548,16220000,6444.6
,47081,2984,20638,75.86,102.5297336,109.554285,6.41,3654,102,9769,16237000,6449.8
,47198,2994,20687,75.86,102.5297336,109.554285,6.41,3901,221,9513,16247000,6454.9
,47284,3013,20716,76.11,102.5297336,109.554285,6.41,4986,191,9776,16259000,6460.0
,47454,3034,20792,76.25,102.7153089,109.554285,6.24,5424,60,9829,16266000,6465.0
,47489,3034,20808,76.26,102.7153089,109.554285,6.24,7784,273,9991,16280000,6470.0
,47549,3037,20834,76.27,102.7153089,109.554285,6.24,7816,273,9652,16295000,6475.4
,47667,3046,20886,76.27,102.794482,109.554285,6.17,8044,186,9812,16305000,6480.5
,47731,3045,20915,76.28,102.794482,109.554285,6.17,7513,81,9904,16316000,6485.5
,47807,3054,20950,76.28,102.794482,109.554285,6.17,7503,88,9676,16323000,6490.5
,47962,3068,21015,76.28,102.794482,109.554285,6.17,8141,119,9678,16331000,6495.5
,48047,3080,21046,76.28,102.794482,109.554285,6.17,7770,136,9856,16348000,6501.5
,48091,3081,21067,76.28,102.794482,109.554285,6.17,7797,136,9748,16363000,6506.5
,48133,3080,21088,76.28,102.794482,109.554285,6.17,7540,123,9738,16379000,6512.0
,48172,3080,21106,76.28,102.794482,109.554285,6.17,7567,123,9788,16396000,6517.1
,48299,3087,21164,76.28,102.794482,109.554285,6.17,7468,142,9897,16405000,6522.1
,48334,3087,21179,76.28,102.794482,109.554285,6.17,7433,62,9876,16419000,6527.2
,48402,3092,21211,76.28,102.794482,109.554285,6.17,7545,69,9981,16432000,6532.3
,48445,3078,21238,76.28,102.794482,109.554285,6.17,6464,151,9502,16446000,6537.7
,48557,3084,21287,76.28,102.794482,109.554285,6.17,6933,180,9871,16458000,6543.0
,48701,3091,21352,76.28,102.8260164,109.554285,6.14,7369,109,9806,16468000,6548.1
,48831,3100,21406,76.29,102.8260164,109.554285,6.14,7732,111,9687,16480000,6553.1
,48874,3100,21424,76.3,102.8260164,109.554285,6.14,7475,89,9998,16494000,6558.1
,48930,3104,21452,76.3,102.8260164,109.554285,6.14,7508,89,9879,16505000,6563.2
,48977,3112,21472,76.3,102.8260164,109.554285,6.14,6939,123,9940,16515000,6568.2
,49037,3115,21500,76.3,102.8260164,109.554285,6.14,6849,151,9825,16524000,6573.5
,49105,3119,21531,76.3,102.8260164,109.554285,6.14,6887,151,9632,16533000,6578.6
,49163,3122,21559,76.3,102.8260164,109.554285,6.14,6445,89,9772,16541000,6583.7
,49175,3121,21565,76.3,102.8260164,109.554285,6.14,6185,122,9836,16554000,6588.8
,49235,3127,21588,76.31,102.8260164,109.554285,6.14,4823,99,9708,16569000,6593.9
,49267,3125,21603,76.31,102.8260164,109.554285,6.14,4182,116,9892,16585000,6599.0
,49304,3119,21620,76.31,102.8260164,109.554285,6.14,3450,107,9856,16600000,6604.2
,49358,3122,21643,76.31,102.8260164,109.554285,6.14,2947,128,9883,16617000,6609.4
,49404,3124,21659,76.31,102.8260164,109.554285,6.14,2965,128,9742,16634000,6614.4
,49459,3133,21683,76.31,102.8260164,109.554285,6.14,3549,144,9751,16650000,6620.6
,49494,3133,21696,76.31,102.8260164,109.554285,6.14,4288,149,9961,16665000,6625.7
,49618,3162,21740,76.31,102.8260164,109.554285,6.14,4535,124,9647,16679000,6632.3
,49626,3160,21744,76.31,102.8260164,109.554285,6.14,4589,243,9712,16699000,6637.8
,49772,3173,21803,76.31,102.8318592,109.554285,6.14,4877,80,9652,16706000,6642.8
,50026,3189,21900,76.31,102.8318592,109.554285,6.14,5006,105,9942,16715000,6647.9
,50061,3186,21917,77.79,102.8318592,109.554285,6.14,4982,128,9833,16735000,6653.1
,50091,3185,21932,77.87,102.8558072,109.554285,6.11,5045,73,9902,16753000,6658.3
,50278,3183,22012,77.87,102.8558072,109.554285,6.11,4869,128,9897,16766000,6663.5
,50328,3185,22035,77.88,102.8558072,109.554285,6.11,4994,198,9879,16780000,6668.6
,50333,3182,22039,77.88,102.8558072,109.554285,6.11,5019,145,9910,16943000,6780.3
,50538,3205,22125,77.88,102.8558072,109.554285,6.11,4516,151,9909,16954000,6785.8
,50653,3233,22168,77.89,102.8558072,109.554285,6.11,4803,213,9304,16965000,6790.9
,50764,3227,22225,77.89,102.858654,109.554285,6.11,5472,85,9585,16976000,6796.2
,50794,3227,22237,77.95,102.858654,109.554285,6.11,5498,205,9834,16992000,6801.2
,50853,3229,22266,77.98,102.858654,109.554285,6.11,5528,205,9967,17007000,6806.4
,51034,3246,22345,77.98,102.8675194,109.554285,6.1,5858,36,9444,17015000,6811.4
,51153,3247,22399,77.98,102.8675194,109.554285,6.1,5404,103,9363,17023000,6816.4
,51251,3249,22439,77.99,102.8737004,109.554285,6.1,5487,115,9719,17034000,6821.6
,51368,3251,22487,77.99,102.8737004,109.554285,6.1,4954,36,9375,17048000,6826.7
,51550,3275,22560,78.03,102.9055416,109.554285,6.07,4706,192,9904,17058000,6831.7
,51748,3287,22646,78.03,102.9055416,109.554285,6.07,4908,133,9979,17068000,6836.8
,51841,3300,22684,78.03,102.9055416,109.554285,6.07,5027,95,9942,17079000,6842.1
,51927,3315,22718,78.03,102.9055416,109.554285,6.07,4880,102,9893,17091000,6847.5
,51993,3319,22750,78.03,102.9055416,109.554285,6.07,4912,102,9930,17103000,6852.6
,52037,3325,22767,78.03,102.9055416,109.554285,6.07,5010,61,9891,17121000,6857.6
,52113,3332,22802,78.03,102.9055416,109.554285,6.07,5045,61,9806,17130000,6862.7
,52196,3336,22837,78.03,102.9055416,109.554285,6.07,5040,67,9905,17140000,6867.7
,52268,3340,22870,78.03,102.9055416,109.554285,6.07,5046,78,9891,17151000,6872.8
,52332,3341,22901,78.03,102.9055416,109.554285,6.07,5013,84,9632,17162000,6878.0
,52422,3347,22937,78.03,102.9055416,109.554285,6.07,5065,84,9381,17174000,6883.1
,52493,3350,22970,78.03,102.9055416,109.554285,6.07,5293,86,9948,17186000,6888.2
,52545,3353,22994,78.03,102.9055416,109.554285,6.07,5229,126,9822,17198000,6893.3
,52601,3353,23022,78.03,102.9055416,109.554285,6.07,5263,126,9376,17211000,6898.6
,52655,3354,23047,78.03,102.9055416,109.554285,6.07,5212,87,9724,17223000,6903.9
,52702,3354,23071,78.03,102.9055416,109.554285,6.07,5234,87,9775,17238000,6909.1
,52775,3353,23107,78.03,102.9055416,109.554285,6.07,5164,95,9890,17251000,6914.1
,52845,3356,23140,78.03,102.9055416,109.554285,6.07,5053,147,9933,17263000,6919.2
,52899,3359,23165,78.03,102.9055416,109.554285,6.07,5077,147,9850,17275000,6924.2
,52928,3359,23179,78.03,102.9055416,109.554285,6.07,4691,155,9615,17290000,6929.3
,53012,3364,23219,78.03,102.9055416,109.554285,6.07,4737,155,9953,17300000,6934.4
,53070,3363,23244,78.03,102.9055416,109.554285,6.07,4866,79,9869,17315000,6939.4
,53139,3368,23276,78.03,102.9055416,109.554285,6.07,5049,83,9263,17330000,6944.5
,53225,3371,23315,78.03,102.9055416,109.554285,6.07,5137,89,9814,17342000,6949.7
,53297,3373,23349,78.03,102.9055416,109.554285,6.07,5173,89,9449,17353000,6954.8
,53365,3375,23382,78.03,102.9055416,109.554285,6.07,5029,93,9368,17362000,6959.8
,53429,3378,23413,78.03,102.9055416,109.554285,6.07,4969,99,9946,17370000,6964.8
,53504,3379,23450,78.03,102.9055416,109.554285,6.07,5016,99,9363,17381000,6969.8
,53618,3383,23501,78.03,102.9055416,109.554285,6.07,4948,96,9948,17390000,6975.3
,53721,3387,23548,78.03,102.9055416,109.554285,6.07,4428,100,9521,17397000,6980.3
,53775,3388,23569,78.03,102.9055416,109.554285,6.07,4460,100,9938,17417000,6985.4
,53855,3397,23605,78.03,102.9055416,109.554285,6.07,4491,110,9564,17429000,6990.5
,53926,3399,23638,78.03,102.9055416,109.554285,6.07,4415,118,9834,17439000,6995.6
,53979,3402,23661,78.03,102.9055416,109.554285,6.07,4455,118,9957,17454000,7000.7
,54027,3406,23681,78.03,102.9055416,109.554285,6.07,4496,81,9479,17469000,7005.8
,54071,3407,23703,78.03,102.9055416,109.554285,6.07,4551,81,9808,17481000,7010.8
,54133,3408,23732,78.03,102.9055416,109.554285,6.07,4623,87,9380,17493000,7015.8
,54200,3410,23765,78.03,102.9055416,109.554285,6.07,4658,87,9302,17503000,7021.0
,54242,3414,23784,78.03,102.9055416,109.554285,6.07,4660,94,9648,17518000,7026.3
,54281,3417,23802,78.03,102.9055416,109.554285,6.07,4698,94,9544,17534000,7031.7
,54339,3419,23828,78.03,102.9055416,109.554285,6.07,4678,96,9052,17545000,7036.8
,54394,3419,23855,78.03,102.9055416,109.554285,6.07,4712,96,9417,17551000,7041.9
,54463,3421,23885,78.03,102.9055416,109.554285,6.07,4476,80,9535,17560000,7047.0
,54547,3428,23923,78.03,102.9055416,109.554285,6.07,4587,102,9398,17570000,7052.1
,54608,3428,23953,78.03,102.9055416,109.554285,6.07,4426,90,9610,17582000,7057.6
,54696,3432,23990,78.03,102.9055416,109.554285,6.07,4459,90,9049,17595000,7062.7
,54737,3437,24008,78.03,102.9055416,109.554285,6.07,4339,137,9263,17612000,7068.0
,54804,3439,24040,78.03,102.9055416,109.554285,6.07,4372,137,9502,17627000,7073.1
,54841,3440,24056,78.03,102.9055416,109.554285,6.07,4305,177,9839,17639000,7078.2
,54890,3444,24078,78.03,102.9055416,109.554285,6.07,4340,177,9937,17654000,7083.3
,54927,3447,24095,78.03,102.9055416,109.554285,6.07,4572,107,9278,17671000,7088.4
,54961,3443,24113,78.03,102.9055416,109.554285,6.07,4733,159,9662,17684000,7093.4
,55020,3443,24142,78.03,102.9055416,109.554285,6.07,4780,159,9301,17698000,7098.7
,55059,3443,24162,78.03,102.9055416,109.554285,6.07,5194,127,9688,17712000,7103.9
,55090,3443,24177,78.03,102.9055416,109.554285,6.07,5216,127,9832,17726000,7109.3
,55136,3444,24200,78.03,102.9055416,109.554285,6.07,5243,127,9566,17741000,7114.4
,55164,3440,24216,78.03,102.9055416,109.554285,6.07,5499,195,9761,17756000,7120.2
,55189,3440,24227,78.03,102.9055416,109.554285,6.07,5357,158,9874,17769000,7125.3
,55221,3440,24243,78.03,102.9055416,109.554285,6.07,5387,158,9285,17781000,7130.5
,55255,3441,24259,78.03,102.9055416,109.554285,6.07,5413,158,9545,17797000,7135.7
,55265,0,0,0.0,102.9055416,109.554285,6.07,147,0,0,17798000,7137.4
,55265,0,0,0.0,102.9055416,109.554285,6.07,147,25,1,17801000,7138.2
,55282,1,4,1.38,102.9055416,109.554285,6.07,1795,49,51,17809000,7143.4
,55373,13,44,5.55,102.9055416,109.554285,6.07,2080,62,592,17820000,7148.5
,55467,36,82,7.52,102.9055416,109.554285,6.07,2121,62,968,17832000,7153.6
,55504,41,95,8.77,102.9055416,109.554285,6.07,2472,80,1185,17842000,7158.7
,55567,51,123,9.14,102.9055416,109.554285,6.07,2498,80,1407,17855000,7164.0
,55611,54,143,9.14,102.9055416,109.554285,6.07,2939,91,1676,17863000,7169.1
,55677,56,175,9.18,102.9055416,109.554285,6.07,2989,103,2290,17872000,7174.2
,55720,57,196,9.18,102.9055416,109.554285,6.07,3306,74,2406,17885000,7179.5
,55775,56,222,9.28,102.9055416,109.554285,6.07,3697,91,3062,17893000,7184.6
,55846,62,255,9.38,102.9055416,109.554285,6.07,3727,91,3411,17903000,7189.8
,55871,62,266,9.38,102.9055416,109.554285,6.07,3149,119,3627,17913000,7194.8
,55915,66,282,9.48,102.9055416,109.554285,6.07,3469,145,3871,17929000,7199.8
,56010,87,320,9.89,102.9055416,109.554285,6.07,3553,89,4310,17940000,7204.8
,56064,85,347,9.89,102.9055416,109.554285,6.07,4910,116,4715,17950000,7209.9
,56144,89,381,10.74,102.9055416,109.554285,6.07,5253,68,5401,17965000,7215.0
,56205,102,405,11.64,102.9055416,109.554285,6.07,5978,94,5880,17980000,7220.6
,56305,108,446,11.8,102.9055416,109.554285,6.07,6858,133,6290,17993000,7225.6
,56363,116,471,12.09,102.9055416,109.554285,6.07,6942,164,6632,18008000,7230.6
,56425,125,497,12.13,102.9055416,109.554285,6.07,7282,90,6991,18023000,7235.7
,56474,140,513,19.41,102.9055416,109.554285,6.07,7592,120,7266,18043000,7241.5
,56536,149,538,21.72,102.9055416,109.554285,6.07,8013,169,7535,18059000,7246.7
,56612,164,567,24.04,102.9055416,109.554285,6.07,7627,104,7940,18073000,7251.8
,56720,190,602,30.94,102.9055416,109.554285,6.07,7529,122,8368,18088000,7257.0
,56806,222,635,30.98,102.9055416,109.554285,6.07,6532,137,8909,18103000,7262.1
,56835,219,652,31.45,102.9055416,109.554285,6.07,5237,161,9402,18117000,7267.2
,56860,215,663,31.72,102.9055416,109.554285,6.07,6775,192,9588,18129000,7272.4
,56940,217,702,34.14,102.9055416,109.554285,6.07,6815,192,9133,18145000,7277.4
,56971,217,716,34.44,102.9055416,109.554285,6.07,7915,181,9348,18165000,7282.9
,57098,243,762,35.25,102.9055416,109.554285,6.07,7933,81,9771,18179000,7288.2
,57177,256,793,35.53,102.9055416,109.554285,6.07,9041,188,9333,18193000,7294.0
,57261,269,829,36.01,102.9055416,109.554285,6.07,9078,188,9769,18207000,7299.1
,57334,282,859,36.23,102.9055416,109.554285,6.07,9193,230,9992,18220000,7304.1
,57389,300,877,36.35,102.9055416,109.554285,6.07,7734,138,9289,18232000,7309.6
,57470,306,910,36.76,102.9055416,109.554285,6.07,7908,144,9547,18244000,7314.6
,57542,325,938,36.92,102.9055416,109.554285,6.07,7650,193,9855,18260000,7319.6
,57623,330,976,37.02,102.9055416,109.554285,6.07,7691,193,9448,18273000,7324.7
,57673,339,993,37.06,102.9055416,109.554285,6.07,6986,167,9811,18287000,7329.7
,57741,348,1025,37.09,102.9055416,109.554285,6.07,6261,132,9530,18299000,7334.9
,57854,369,1070,40.26,102.9055416,109.554285,6.07,5851,135,9856,18314000,7339.9
,57967,373,1116,41.58,102.9055416,109.554285,6.07,4338,89,9918,18323000,7344.9
,58055,390,1156,41.78,102.9055416,109.554285,6.07,4510,108,9847,18335000,7349.9
,58211,417,1220,42.97,102.9055416,109.554285,6.07,4814,126,9715,18345000,7355.2
,58305,424,1261,43.1,102.9055416,109.554285,6.07,5112,162,9409,18358000,7361.1
,58399,436,1300,43.4,102.9055416,109.554285,6.07,5090,172,9746,18374000,7366.2
,58512,453,1343,43.42,102.9055416,109.554285,6.07,5097,78,9998,18388000,7371.3
,58630,478,1387,43.52,102.9055416,109.554285,6.07,5130,141,9185,18403000,7376.3
,58818,504,1459,43.52,102.9055416,109.554285,6.07,5082,120,9612,18413000,7381.5
,58931,516,1506,44.14,102.9055416,109.554285,6.07,5559,149,9845,18425000,7386.6
,59003,520,1540,46.34,102.9055416,109.554285,6.07,5596,149,9590,18441000,7391.8
,59055,516,1565,47.57,102.9055416,109.554285,6.07,5869,157,9839,18455000,7396.8
,59160,520,1612,48.28,102.9055416,109.554285,6.07,5616,130,9486,18469000,7402.0
,59239,526,1647,48.5,102.9055416,109.554285,6.07,6172,123,9520,18480000,7407.2
,59326,530,1683,48.62,102.9055416,109.554285,6.07,6002,167,9774,18493000,7412.5
,59371,534,1704,48.67,102.9055416,109.554285,6.07,6053,167,9727,18512000,7418.5
,59479,542,1750,48.68,102.9055416,109.554285,6.07,6258,152,9885,18523000,7423.6
,59499,542,1759,48.87,102.9055416,109.554285,6.07,6351,98,9967,18603000,7440.9
,59672,567,1828,53.79,102.9055416,109.554285,6.07,6481,119,9903,18615000,7446.0
,59815,583,1885,53.81,102.9055416,109.554285,6.07,6101,123,9659,18628000,7451.0
,60032,603,1974,53.82,102.9055416,109.554285,6.07,6611,103,9893,18649000,7457.6
,60106,607,2008,53.83,102.9055416,109.554285,6.07,6647,103,9961,18667000,7462.7
,60174,613,2039,54.36,102.9055416,109.554285,6.07,6806,123,9714,18682000,7467.7
,60232,625,2063,54.43,102.9055416,109.554285,6.07,5904,93,9846,18695000,7472.9
,60266,626,2078,54.44,102.9055416,109.554285,6.07,5197,145,9508,18709000,7478.1
,60335,632,2110,54.46,102.9055416,109.554285,6.07,5175,157,9893,18726000,7483.5
,60354,631,2119,54.48,102.9055416,109.554285,6.07,4780,142,9953,18742000,7488.9
,60413,634,2145,54.48,102.9055416,109.554285,6.07,4808,142,9925,18755000,7493.9
,60441,633,2160,56.09,102.9055416,109.554285,6.07,5556,133,9887,18768000,7499.1
,60497,631,2185,56.14,102.9055416,109.554285,6.07,5935,123,9625,18786000,7505.0
,60575,631,2224,56.4,102.9055416,109.554285,6.07,5621,155,9813,18799000,7510.1
,60652,633,2255,56.48,102.9055416,109.554285,6.07,5644,166,9903,18810000,7515.2
,60693,639,2272,57.7,102.9055416,109.554285,6.07,6619,126,9726,18820000,7520.4
,60838,661,2326,60.05,102.9055416,109.554285,6.07,7054,56,9669,18830000,7525.4
,61079,694,2425,60.05,102.9055416,109.554285,6.07,7093,77,9946,18837000,7530.5
,61188,703,2474,60.07,102.9055416,109.554285,6.07,6960,110,9466,18852000,7535.9
,61397,730,2559,60.07,102.9055416,109.554285,6.07,7038,103,9866,18859000,7540.9
,61611,744,2648,60.07,102.9055416,109.554285,6.07,6428,58,9806,18867000,7546.0
,61729,747,2701,61.63,102.9055416,109.554285,6.07,6022,118,9704,18879000,7551.0
,61912,756,2779,61.63,102.9055416,109.554285,6.07,5748,94,9649,18891000,7556.3
,62064,763,2839,62.02,102.9055416,109.554285,6.07,6805,155,9358,18902000,7561.5
,62171,772,2890,62.8,102.9055416,109.554285,6.07,7013,88,10003,18915000,7566.6
,62282,781,2936,62.8,102.9055416,109.554285,6.07,7230,42,9304,18929000,7571.7
,62477,795,3022,62.85,102.9055416,109.554285,6.07,7710,157,9776,18943000,7577.8
,62629,802,3085,62.85,102.9055416,109.554285,6.07,7580,113,9816,18956000,7582.8
,62739,807,3134,62.86,102.9055416,109.554285,6.07,7262,88,9511,19026000,7606.6
,62828,810,3177,62.93,102.9055416,109.554285,6.07,7302,88,9891,19044000,7611.6
,62944,839,3220,62.93,102.9055416,109.554285,6.07,7714,152,9626,19056000,7616.6
,63002,842,3249,62.98,102.9055416,109.554285,6.07,7782,113,9879,19071000,7621.7
,63107,843,3296,63.21,102.9055416,109.554285,6.07,7963,131,9574,19085000,7626.7
,63273,852,3375,63.21,102.9055416,109.554285,6.07,7851,61,9907,19095000,7631.7
,63341,842,3414,64.0,104.3129803,109.554285,4.78,7129,65,9966,19108000,7636.7
,63540,869,3490,64.01,104.362439,109.554285,4.74,7048,101,9849,19119000,7641.7
,63683,868,3547,64.01,104.3667814,109.554285,4.74,5744,77,9663,19132000,7646.8
,63800,875,3603,64.03,104.3667814,109.554285,4.74,5745,120,9774,19142000,7651.9
,63951,891,3669,64.03,104.6371698,109.554285,4.49,5589,99,9684,19153000,7656.9
,64131,920,3739,64.04,104.7971803,109.554285,4.34,5178,85,9883,19164000,7661.9
,64354,935,3820,64.04,104.7971803,109.554285,4.34,5120,102,9890,19179000,7667.8
,64580,981,3909,64.04,104.7971803,109.554285,4.34,5830,148,9802,19203000,7677.9
,64754,1011,3978,64.04,104.9848633,109.554285,4.17,5785,91,9880,19212000,7682.9
,64798,1019,3998,64.04,104.9848633,109.554285,4.17,6297,138,9919,19313000,7708.4
,64912,1022,4048,64.05,104.9959865,109.554285,4.16,6618,103,9737,19322000,7713.7
,65046,1028,4108,64.05,104.9959865,109.554285,4.16,6535,135,9854,19333000,7718.7
,65166,1036,4161,64.05,105.4488766,109.554285,3.75,5772,121,9958,19343000,7723.8
,65263,1034,4207,64.06,105.515876,109.554285,3.69,5446,121,9788,19354000,7728.8
,65484,1057,4292,64.06,105.515876,109.554285,3.69,5096,83,9982,19364000,7733.8
,65618,1077,4346,64.06,105.515876,109.554285,3.69,5202,122,9448,19377000,7738.9
,65735,1115,4386,64.06,105.6072517,109.554285,3.6,5163,70,9805,19390000,7743.9
,65789,1115,4403,64.07,105.6072517,109.554285,3.6,5233,107,9942,19403000,7749.0
,65955,1141,4481,64.07,105.6227848,109.554285,3.59,5264,131,9656,19412000,7754.0
,66097,1166,4540,64.09,105.6227848,109.554285,3.59,5324,57,9892,19423000,7759.0
,66214,1171,4595,64.11,105.6227848,109.554285,3.59,5256,111,9928,19434000,7764.8
,66322,1195,4634,64.11,105.6227848,109.554285,3.59,5290,138,9796,19453000,7770.9
,66390,1198,4665,64.11,105.6227848,109.554285,3.59,5219,58,9993,19466000,7776.4
,66539,1221,4727,64.11,105.6227848,109.554285,3.59,4960,51,9975,19476000,7781.8
,66575,1223,4741,64.12,105.6227848,109.554285,3.59,4993,129,9715,19492000,7786.8
,66608,1227,4757,64.12,105.6227848,109.554285,3.59,5009,129,9978,19508000,7791.9
,66649,1232,4775,64.12,105.6227848,109.554285,3.59,5040,73,9949,19519000,7797.0
,66689,1236,4793,64.12,105.6227848,109.554285,3.59,5058,73,9657,19535000,7802.2
,66711,1237,4803,64.12,105.6227848,109.554285,3.59,5073,73,9792,19548000,7807.4
,66749,1251,4815,64.12,105.6227848,109.554285,3.59,5177,91,9910,19561000,7813.0
,66795,1256,4836,64.12,105.6227848,109.554285,3.59,5200,91,9853,19572000,7818.1
,66818,1258,4847,64.12,105.6227848,109.554285,3.59,5210,91,9866,19587000,7823.3
,66875,1262,4866,64.12,105.6227848,109.554285,3.59,5255,109,9966,19600000,7828.3
,66920,1270,4887,64.14,105.6227848,109.554285,3.59,5283,117,9994,19612000,7833.4
,66956,1273,4903,64.14,105.6227848,109.554285,3.59,5289,80,9708,19627000,7838.5
,67003,1276,4924,64.14,105.6227848,109.554285,3.59,5310,80,9908,19643000,7843.7
,67083,1289,4952,64.14,105.6551443,109.554285,3.56,5148,135,9861,19653000,7848.7
,67256,1307,5026,64.14,105.6551443,109.554285,3.56,5323,88,9982,19661000,7853.7
,67309,1312,5051,64.14,105.6551443,109.554285,3.56,5489,92,9891,19675000,7858.8
,67367,1312,5079,64.15,105.6551443,109.554285,3.56,5524,92,9884,19688000,7863.9
,67400,1312,5096,64.15,105.6551443,109.554285,3.56,7241,127,9969,19702000,7869.5
,67451,1306,5122,64.16,105.771983,109.554285,3.45,7474,94,9960,19712000,7874.6
,67498,1307,5144,64.17,105.771983,109.554285,3.45,7513,94,9995,19726000,7880.4
,67550,1320,5161,64.18,105.8935409,109.554285,3.34,7290,90,9784,19737000,7885.4
,67699,1326,5226,64.18,105.8935409,109.554285,3.34,7832,64,9849,19746000,7890.5
,67850,1340,5290,64.18,106.0060045,109.554285,3.24,8628,77,9886,19754000,7895.6
,67879,1335,5307,64.42,106.0060045,109.554285,3.24,8575,94,9665,19773000,7901.0
,67981,1366,5342,64.52,106.0060045,109.554285,3.24,8784,104,9876,19785000,7906.2
,68058,1381,5374,64.54,106.0060045,109.554285,3.24,9500,92,9787,19805000,7912.8
,68254,1410,5443,64.55,106.0550015,109.554285,3.19,7880,113,9994,19816000,7917.8
,68393,1417,5503,64.56,106.0550015,109.554285,3.19,8011,150,9787,19831000,7924.0
,68482,1425,5542,64.66,106.0550015,109.554285,3.19,8046,150,9937,19851000,7929.8
,68493,1426,5546,64.7,106.0550015,109.554285,3.19,8262,72,9990,19872000,7934.9
,68597,1439,5584,64.71,106.0550015,109.554285,3.19,8705,110,9908,19887000,7940.1
,68696,1444,5631,64.72,106.0550015,109.554285,3.19,9058,146,9732,19899000,7945.4
,68826,1467,5683,64.74,106.0550015,109.554285,3.19,8320,140,9788,19911000,7950.5
,68872,1475,5703,64.74,106.0550015,109.554285,3.19,8355,140,9785,19933000,7956.0
,69000,1498,5754,64.74,106.1890638,109.554285,3.07,8471,62,9771,19943000,7961.1
,69188,1523,5830,64.74,106.1890638,109.554285,3.07,8188,112,9946,19951000,7966.1
,69310,1527,5885,64.75,106.1890638,109.554285,3.07,8350,115,9931,19962000,7971.1
,69407,1548,5926,64.75,106.1972784,109.554285,3.06,8245,78,9971,19978000,7976.2
,69521,1558,5972,64.75,106.1972784,109.554285,3.06,8386,92,9966,19992000,7981.2
,69690,1579,6045,64.75,106.1972784,109.554285,3.06,8460,119,9998,19999000,7986.3
,69766,1581,6079,65.01,106.1972784,109.554285,3.06,8998,79,9969,20015000,7991.8
,69818,1584,6106,65.04,106.1972784,109.554285,3.06,9026,79,9783,20030000,7996.9
,69894,1588,6134,65.11,106.207195,109.554285,3.06,9328,94,9876,20041000,8001.9
,70025,1614,6191,65.11,106.207195,109.554285,3.06,8708,112,9874,20050000,8007.0
,70068,1612,6210,65.16,106.2884793,109.554285,2.98,9235,166,9972,20056000,8012.1
,70191,1633,6261,65.16,106.2884793,109.554285,2.98,8595,190,9855,20061000,8017.2
,70259,1637,6287,65.44,106.2884793,109.554285,2.98,9269,73,9854,20069000,8022.2
,70381,1656,6341,65.46,106.2884793,109.554285,2.98,9223,82,9685,20077000,8027.2
,70420,1652,6359,65.49,106.2884793,109.554285,2.98,8377,65,9806,20090000,8032.6
,70601,1680,6429,65.55,106.2884793,109.554285,2.98,8537,81,9849,20098000,8037.6
,70755,1692,6500,65.55,106.2943979,109.554285,2.98,7714,57,9979,20107000,8042.7
,70868,1695,6552,65.6,106.2943979,109.554285,2.98,7811,124,9885,20115000,8047.8
,71017,1710,6608,65.6,106.2943979,109.554285,2.98,7824,111,9561,20125000,8052.9
,71199,1731,6677,65.66,106.2943979,109.554285,2.98,7975,67,9999,20137000,8057.9
,71418,1762,6772,65.66,106.2943979,109.554285,2.98,8326,84,9826,20146000,8063.0
,71639,1791,6862,65.66,106.2943979,109.554285,2.98,7939,78,9639,20155000,8068.0
,71768,1806,6913,65.68,106.2943979,109.554285,2.98,8044,68,9753,20168000,8073.1
,71932,1808,6995,65.69,106.2943979,109.554285,2.98,8086,95,9857,20180000,8078.3
,72211,1860,7101,65.69,106.2943979,109.554285,2.98,8114,105,9997,20187000,8083.3
,72389,1870,7183,65.7,106.2943979,109.554285,2.98,7754,36,9824,20197000,8088.3
,72547,1886,7246,65.71,106.2943979,109.554285,2.98,7007,162,9856,20208000,8093.3
,72725,1909,7316,65.71,106.2943979,109.554285,2.98,7211,120,9829,20218000,8098.4
,72905,1920,7397,65.71,106.2943979,109.554285,2.98,7202,121,9924,20230000,8103.6
,73032,1931,7448,65.71,106.2943979,109.554285,2.98,7519,80,9654,20238000,8108.7
,73127,1946,7486,65.76,106.2943979,109.554285,2.98,7935,159,9993,20251000,8113.9
,73217,1949,7522,65.84,106.2943979,109.554285,2.98,7965,159,9659,20265000,8119.0
,73348,1959,7576,65.85,106.2943979,109.554285,2.98,8379,145,9761,20278000,8124.1
,73543,1971,7655,65.86,106.2943979,109.554285,2.98,8008,117,9895,20285000,8129.3
,73714,1983,7733,65.86,106.2943979,109.554285,2.98,7876,87,9867,20291000,8134.3
,73843,2005,7789,65.87,106.2943979,109.554285,2.98,8207,94,9948,20300000,8139.6
,73956,2021,7835,67.43,106.2943979,109.554285,2.98,7979,86,9798,20315000,8146.2
,74037,2023,7873,70.52,106.2943979,109.554285,2.98,8020,86,9880,20325000,8151.3
,74090,2025,7897,71.65,106.2943979,109.554285,2.98,8158,105,9915,20339000,8156.4
,74157,2032,7924,71.71,106.2943979,109.554285,2.98,8910,137,9852,20348000,8161.5
,74224,2032,7950,71.71,106.2943979,109.554285,2.98,8171,65,9894,20359000,8166.5
,74385,2074,8007,71.97,106.2943979,109.554285,2.98,9017,106,9904,20370000,8172.1
,74464,2068,8039,72.02,106.2943979,109.554285,2.98,8500,139,9841,20394000,8180.1
,74601,2098,8094,72.22,106.2943979,109.554285,2.98,8896,102,9763,20400000,8185.1
,74697,2103,8136,72.86,106.2943979,109.554285,2.98,8636,124,9912,20410000,8190.1
,74895,2130,8207,72.86,106.2943979,109.554285,2.98,8437,35,9664,20417000,8195.1
,75132,2146,8281,72.87,106.2943979,109.554285,2.98,7780,51,9884,20422000,8200.2
,75271,2169,8334,72.88,106.2943979,109.554285,2.98,6788,53,9803,20432000,8205.4
,75325,2165,8361,72.97,106.2943979,109.554285,2.98,7223,105,9808,20449000,8210.7
,75392,2170,8392,73.1,106.2943979,109.554285,2.98,7252,105,9952,20467000,8215.7
,75512,2185,8426,73.23,106.2943979,109.554285,2.98,7061,103,9978,20481000,8220.8
,75606,2219,8456,73.23,106.2943979,109.554285,2.98,6548,134,9854,20498000,8225.9
,75736,2230,8507,73.33,106.2943979,109.554285,2.98,6851,137,9835,20516000,8232.4
,75764,2220,8525,74.9,106.2943979,109.554285,2.98,6444,86,9964,20532000,8237.9
,75800,2222,8542,75.29,106.2943979,109.554285,2.98,6463,86,9998,20547000,8243.2
,75872,2223,8575,75.58,106.2943979,109.554285,2.98,6424,96,9830,20558000,8248.3
,75971,2227,8620,75.6,106.2943979,109.554285,2.98,6097,101,9710,20569000,8253.4
,76043,2231,8651,76.41,106.2943979,109.554285,2.98,6677,84,9940,20587000,8258.4
,76107,2237,8680,76.61,106.3377748,109.554285,2.94,6406,111,9792,20605000,8263.8
,76235,2237,8739,76.61,106.3377748,109.554285,2.94,6314,133,9979,20617000,8269.0
,76279,2238,8758,76.62,106.3377748,109.554285,2.94,6329,133,9762,20636000,8274.0
,76324,2239,8779,76.63,106.3377748,109.554285,2.94,6342,133,9958,20655000,8279.1
,76524,2255,8864,76.63,106.4007112,109.554285,2.88,5736,119,9826,20664000,8284.2
,76627,2265,8912,76.88,106.4007112,109.554285,2.88,7271,116,9815,20675000,8289.4
,76744,2269,8963,77.01,106.4731675,109.554285,2.81,6601,87,9789,20685000,8294.7
,76923,2279,9034,77.22,106.4768836,109.554285,2.81,6799,44,9683,20698000,8299.9
,77075,2298,9100,77.23,106.4768836,109.554285,2.81,7011,127,9862,20710000,8305.4
,77231,2299,9171,77.25,106.5158967,109.554285,2.77,7258,99,9448,20721000,8310.4
,77365,2309,9227,77.25,106.5535874,109.554285,2.74,6796,77,9995,20732000,8316.7
,77465,2303,9274,77.3,106.5535874,109.554285,2.74,5902,94,9942,20747000,8322.9
,77578,2307,9328,77.35,106.5756341,109.554285,2.72,6118,95,9918,20760000,8328.2
,77635,2309,9353,77.36,106.5756341,109.554285,2.72,6155,95,9760,20776000,8333.3
,77716,2311,9393,77.36,106.684809,109.554285,2.62,6227,123,9878,20791000,8338.6
,77787,2309,9425,77.38,106.684809,109.554285,2.62,5985,93,9913,20806000,8343.6
,77952,2336,9490,77.38,106.684809,109.554285,2.62,6654,172,9907,20822000,8350.1
,78102,2350,9555,77.39,106.6896281,109.554285,2.61,6758,69,9841,20837000,8355.1
,78278,2360,9630,77.39,106.6896281,109.554285,2.61,6485,43,9947,20846000,8360.4
,78453,2390,9696,77.39,106.8286855,109.554285,2.49,6931,120,9879,20855000,8365.4
,78597,2388,9765,77.49,106.8388823,109.554285,2.48,6470,85,9927,20862000,8370.4
,78792,2398,9854,77.49,106.8388823,109.554285,2.48,6264,97,9791,20868000,8375.9
,78892,2415,9898,77.5,106.8388823,109.554285,2.48,6435,101,9679,20881000,8381.2
,79027,2441,9945,77.5,106.8388823,109.554285,2.48,6899,143,9972,20922000,8393.4
,79157,2466,9993,77.5,106.8388823,109.554285,2.48,6828,78,9986,20930000,8398.6
,79264,2471,10039,77.51,106.8388823,109.554285,2.48,6342,163,9870,21005000,8429.3
,79299,2475,10053,77.56,106.8388823,109.554285,2.48,6322,183,9572,21021000,8434.7
,79342,2480,10068,77.57,106.8388823,109.554285,2.48,6284,115,9960,21035000,8440.1
,79414,2494,10096,77.57,106.8388823,109.554285,2.48,5986,140,9675,21045000,8445.3
,79483,2489,10131,77.58,106.8483327,109.554285,2.47,6198,124,9968,21054000,8450.3
,79605,2499,10178,77.69,106.8483327,109.554285,2.47,6399,119,9906,21066000,8455.3
,79725,2531,10224,77.88,106.8483327,109.554285,2.47,6313,145,9412,21077000,8460.3
,79930,2560,10311,77.88,106.8483327,109.554285,2.47,6215,66,9870,21083000,8465.3
,80063,2581,10365,77.89,106.8483327,109.554285,2.47,6129,119,9418,21091000,8470.5
,80099,2577,10384,77.9,106.8737798,109.554285,2.45,7018,159,9699,21105000,8475.7
,80287,2596,10465,77.9,106.8888649,109.554285,2.43,7186,181,9763,21113000,8480.8
,80487,2615,10555,77.9,106.8888649,109.554285,2.43,6369,53,9794,21117000,8485.8
,80585,2619,10601,77.9,106.8888649,109.554285,2.43,6939,71,9771,21128000,8490.9
,80682,2622,10645,77.9,106.8888649,109.554285,2.43,6941,75,9706,21141000,8495.9
,80832,2633,10712,77.9,106.8888649,109.554285,2.43,6320,46,9961,21148000,8500.9
,80955,2640,10765,77.9,106.9048628,109.554285,2.42,6455,103,9923,21160000,8505.9
,81114,2656,10830,77.95,106.9048628,109.554285,2.42,6411,94,9804,21169000,8511.0
,81319,2672,10917,78.03,106.9048628,109.554285,2.42,7050,74,9986,21178000,8516.0
,81400,2671,10956,78.37,106.9048628,109.554285,2.42,7508,129,9838,21190000,8521.0
,81494,2680,10995,78.4,106.9048628,109.554285,2.42,7685,118,9831,21202000,8526.1
,81591,2668,11043,78.66,106.9048628,109.554285,2.42,8087,118,9920,21217000,8531.1
,81723,2679,11098,78.73,106.9048628,109.554285,2.42,8594,190,9653,21226000,8536.2
,81813,2683,11144,78.73,106.9205006,109.554285,2.4,8674,89,9739,21238000,8541.3
,81912,2673,11191,78.73,106.9850261,109.554285,2.35,9327,114,9902,21249000,8546.3
,82056,2698,11250,78.74,106.9929417,109.554285,2.34,8834,161,9886,21262000,8552.0
,82221,2713,11319,78.74,106.9929417,109.554285,2.34,7874,134,9934,21272000,8557.0
,82335,2726,11368,78.74,106.9929417,109.554285,2.34,7933,134,9873,21283000,8562.2
,82498,2741,11440,78.74,107.0056959,109.554285,2.33,7679,74,9688,21292000,8567.2
,82588,2737,11485,78.98,107.0056959,109.554285,2.33,6778,119,9890,21303000,8572.3
,82803,2776,11574,79.08,107.0058243,109.554285,2.33,6805,59,9858,21310000,8577.3
,83040,2797,11674,79.08,107.0058243,109.554285,2.33,6654,42,9842,21316000,8582.4
,83209,2840,11735,79.1,107.0091683,109.554285,2.32,6038,86,9733,21324000,8587.4
,83360,2849,11803,79.67,107.0091683,109.554285,2.32,6003,94,9966,21333000,8592.4
,83427,2852,11834,80.03,107.0091683,109.554285,2.32,6032,94,9916,21348000,8597.5
,83597,2855,11914,80.05,107.0091683,109.554285,2.32,5840,91,9975,21360000,8602.8
,83684,2858,11952,80.36,107.0091683,109.554285,2.32,5085,93,9917,21373000,8607.9
,83861,2865,12023,80.47,107.0335523,109.554285,2.3,5421,72,9863,21384000,8613.0
,84068,2894,12103,80.66,107.0335523,109.554285,2.3,5808,64,9728,21394000,8618.1
,84308,2906,12216,80.66,107.0335523,109.554285,2.3,5922,102,9973,21402000,8623.2
,84547,2944,12309,80.67,107.0394417,109.554285,2.3,6113,60,9787,21415000,8628.3
,84776,2967,12405,80.67,107.0394417,109.554285,2.3,5831,121,9734,21425000,8633.4
,85042,3004,12515,80.67,107.0394446,109.554285,2.3,6078,61,9819,21431000,8638.5
,85325,3034,12633,80.67,107.0394446,109.554285,2.3,6125,57,9771,21438000,8643.7
,85457,3057,12687,80.82,107.0394446,109.554285,2.3,6205,89,9916,21452000,8648.7
,85529,3052,12725,80.9,107.0420149,109.554285,2.29,5656,156,9904,21466000,8654.1
,85659,3055,12787,80.91,107.0420149,109.554285,2.29,6149,127,9996,21474000,8659.2
,85789,3068,12842,80.92,107.0624344,109.554285,2.27,5985,151,9871,21487000,8664.2
,85890,3062,12892,80.95,107.0624344,109.554285,2.27,5899,111,9989,21496000,8669.2
,86065,3065,12963,80.96,107.0680844,109.554285,2.27,5826,82,9883,21506000,8674.4
,86206,3074,13022,81.1,107.0680844,109.554285,2.27,5915,119,9852,21518000,8679.5
,86313,3096,13068,81.17,107.0680844,109.554285,2.27,5880,123,9913,21535000,8684.8
,86351,3096,13086,81.23,107.0680844,109.554285,2.27,5916,123,9915,21553000,8689.9
,86405,3104,13109,81.24,107.0680844,109.554285,2.27,5865,142,9882,21570000,8695.1
,86457,3107,13133,81.24,107.0680844,109.554285,2.27,5886,142,9693,21587000,8700.1
,86506,3119,13153,81.24,107.0680844,109.554285,2.27,5930,151,9931,21603000,8705.1
,86577,3108,13192,81.29,107.0680844,109.554285,2.27,5775,94,9950,21614000,8710.3
,86686,3102,13249,81.29,107.0695612,109.554285,2.27,5258,84,9961,21627000,8715.3
,86734,3102,13273,81.68,107.0695612,109.554285,2.27,4931,48,9782,21644000,8720.5
,86776,3104,13293,81.68,107.0695612,109.554285,2.27,4833,54,9865,21659000,8725.5
,86808,3105,13309,81.68,107.0695612,109.554285,2.27,4682,59,9927,21676000,8730.8
,86851,3105,13330,81.68,107.0695612,109.554285,2.27,4756,63,9785,21689000,8735.8
,86887,3105,13348,81.68,107.0695612,109.554285,2.27,4736,47,9854,21702000,8741.0
,86935,3106,13371,81.68,107.0695612,109.554285,2.27,4754,47,9965,21718000,8746.0
,86992,3116,13395,81.68,107.0695612,109.554285,2.27,4732,51,9945,21734000,8751.2
,87045,3116,13420,81.68,107.0695612,109.554285,2.27,4753,51,9893,21752000,8756.6
,87118,3132,13450,81.68,107.0695612,109.554285,2.27,4679,60,9908,21766000,8761.7
,87170,3132,13476,81.68,107.0695612,109.554285,2.27,4554,38,9872,21783000,8766.8
,87205,3131,13494,81.68,107.0695612,109.554285,2.27,4434,42,9932,21800000,8771.9
,87241,3131,13512,81.68,107.0695612,109.554285,2.27,4240,48,9974,21818000,8777.1
,87270,3132,13526,81.68,107.0695612,109.554285,2.27,4256,48,9991,21840000,8782.3
,87325,3135,13551,81.68,107.0695612,109.554285,2.27,4299,48,9911,21857000,8787.5
,87364,3127,13573,81.79,107.0695612,109.554285,2.27,4833,82,9812,21871000,8792.5
,87529,3130,13645,81.84,107.0695612,109.554285,2.27,5096,90,9907,21884000,8797.5
,87686,3146,13711,81.84,107.0695612,109.554285,2.27,4982,100,9943,21898000,8803.0
,87799,3169,13757,81.85,107.0695612,109.554285,2.27,5195,104,9913,21913000,8808.4
,87916,3180,13801,81.85,107.0695612,109.554285,2.27,5358,60,9967,21927000,8813.5
,87989,3196,13828,81.85,107.0695612,109.554285,2.27,5293,63,9885,21967000,8832.8
,88197,3242,13909,81.85,107.0695612,109.554285,2.27,5328,75,9800,21981000,8838.4
,88383,3265,13977,81.85,107.0695612,109.554285,2.27,5197,79,9885,21993000,8843.5
,88539,3289,14032,81.85,107.0695612,109.554285,2.27,5416,58,9913,22004000,8848.5
,88719,3320,14096,81.85,107.0695612,109.554285,2.27,5333,66,9427,22018000,8854.1
,88857,3339,14148,81.85,107.0695612,109.554285,2.27,5144,63,9875,22032000,8859.1
,88903,3343,14165,81.85,107.0695612,109.554285,2.27,5114,73,9721,22049000,8864.5
,88998,3352,14204,81.9,107.0695612,109.554285,2.27,5045,94,9987,22062000,8869.6
,89080,3364,14235,81.9,107.0695612,109.554285,2.27,5095,92,9809,22074000,8874.8
,89138,3365,14263,81.9,107.0695612,109.554285,2.27,5194,67,9770,22089000,8879.9
,89272,3378,14315,81.9,107.0695612,109.554285,2.27,5219,86,9728,22101000,8885.3
,89380,3385,14359,81.9,107.0695612,109.554285,2.27,5247,93,9904,22117000,8890.3
,89497,3400,14404,81.9,107.0695612,109.554285,2.27,4838,101,9887,22130000,8895.4
,89607,3413,14446,81.9,107.0695612,109.554285,2.27,4545,115,9844,22143000,8901.1
,89735,3421,14503,81.9,107.0695612,109.554285,2.27,4077,101,9564,22155000,8906.6
,89849,3432,14544,81.9,107.0695612,109.554285,2.27,4557,71,9994,22165000,8911.9
,90018,3453,14614,81.9,107.0695612,109.554285,2.27,4815,79,9939,22172000,8916.9
,90126,3463,14658,81.9,107.0750527,109.554285,2.26,5094,56,9931,22182000,8922.1
,90271,3475,14722,81.91,107.0750527,109.554285,2.26,5943,109,9771,22191000,8927.7
,90383,3475,14776,81.92,107.0750527,109.554285,2.26,5776,142,9870,22200000,8932.8
,90518,3475,14836,81.92,107.0750527,109.554285,2.26,6073,86,9948,22210000,8937.8
,90585,3469,14871,81.97,107.0750527,109.554285,2.26,6408,62,9993,22225000,8942.9
,90665,3472,14910,81.99,107.0750527,109.554285,2.26,6662,54,9948,22240000,8948.8
,90704,3473,14927,82.01,107.0750527,109.554285,2.26,6263,71,9996,22258000,8954.3
,90773,3488,14951,82.01,107.0750527,109.554285,2.26,6261,87,9586,22275000,8960.2
,90877,3496,14997,82.01,107.0750527,109.554285,2.26,5793,61,9827,22285000,8965.2
,90948,3499,15029,82.01,107.0750527,109.554285,2.26,5453,93,9846,22294000,8970.2
,91042,3508,15072,82.01,107.0750527,109.554285,2.26,5521,61,9918,22304000,8975.3
,91082,3511,15089,82.08,107.0750527,109.554285,2.26,5196,80,9922,22319000,8980.3
,91170,3520,15129,82.08,107.0750527,109.554285,2.26,4968,118,9884,22330000,8985.5
,91229,3520,15155,82.08,107.0750527,109.554285,2.26,4790,81,9737,22343000,8990.5
,91345,3534,15207,82.08,107.0750527,109.554285,2.26,4178,84,9994,22355000,8995.5
,91475,3538,15261,82.09,107.0750527,109.554285,2.26,4721,115,9872,22367000,9000.5
,91534,3551,15282,82.16,107.0750527,109.554285,2.26,5299,52,9806,22382000,9005.6
,91711,3572,15360,82.16,107.0750527,109.554285,2.26,5396,81,9682,22394000,9010.8
,91828,3571,15403,82.17,107.0750527,109.554285,2.26,5623,129,9941,22406000,9015.8
,91943,3576,15450,82.19,107.0750527,109.554285,2.26,5600,161,9883,22419000,9020.8
,92111,3584,15519,82.19,107.0750527,109.554285,2.26,6076,50,9891,22431000,9026.0
,92270,3585,15587,82.19,107.0750527,109.554285,2.26,7463,86,9729,22442000,9031.7
,92353,3586,15626,82.19,107.0750527,109.554285,2.26,7506,86,9630,22460000,9036.7
,92451,3580,15673,82.2,107.0750527,109.554285,2.26,8323,148,9556,22477000,9042.6
,92537,3584,15712,82.2,107.0750527,109.554285,2.26,8363,148,9904,22498000,9048.3
,92693,3592,15780,82.2,107.0750527,109.554285,2.26,8978,69,9836,22509000,9053.4
,92886,3608,15858,82.2,107.0750527,109.554285,2.26,8682,73,9965,22521000,9058.5
,92978,3607,15901,82.2,107.0750527,109.554285,2.26,8175,87,9996,22538000,9063.5
,93151,3626,15967,82.2,107.0750527,109.554285,2.26,8080,103,9956,22550000,9068.5
,93289,3632,16030,82.2,107.0750527,109.554285,2.26,8060,104,9718,22562000,9073.6
L,93357,3641,16061,82.21,107.0750527,109.554285,2.26,8098,54,9785,22565000,9333.8
,93532,3644,16133,82.21,107.0750527,109.554285,2.26,6983,57,9748,23087000,9338.8
,93693,3657,16194,82.21,107.0750527,109.554285,2.26,6862,95,9441,23098000,9343.8
,93803,3661,16246,82.21,107.0750527,109.554285,2.26,7999,98,9630,23110000,9348.9
,93882,3664,16280,82.22,107.0750527,109.554285,2.26,8186,79,9882,23124000,9353.9
,94060,3677,16337,82.22,107.0750527,109.554285,2.26,8620,47,9738,23135000,9359.2
,94156,3671,16383,82.23,107.0750527,109.554285,2.26,9237,95,9785,23147000,9364.3
,94334,3680,16458,82.23,107.0750527,109.554285,2.26,9072,53,9838,23158000,9369.3
,94540,3708,16547,82.23,107.0750527,109.554285,2.26,9610,66,9331,23168000,9374.4
,94626,3707,16584,82.23,107.0750527,109.554285,2.26,8547,102,9911,23181000,9379.4
,94714,3713,16623,82.23,107.0750527,109.554285,2.26,8187,51,9876,23191000,9384.5
,94780,3714,16653,82.23,107.0750527,109.554285,2.26,8411,85,9852,23207000,9389.8
,94868,3712,16695,82.24,107.0750527,109.554285,2.26,8360,96,9853,23219000,9394.8
,94941,3717,16729,82.24,107.0750527,109.554285,2.26,8405,110,9916,23234000,9399.9
,95017,3708,16772,82.24,107.0750527,109.554285,2.26,8064,113,9942,23246000,9405.4
,95068,3703,16798,82.24,107.0750527,109.554285,2.26,8154,175,9991,23262000,9410.5
,95170,3721,16835,82.24,107.0750527,109.554285,2.26,7555,63,9674,23272000,9415.8
,95237,3716,16864,82.24,107.0750527,109.554285,2.26,7395,180,9952,23285000,9420.8
,95405,3739,16928,82.24,107.1076782,109.554285,2.23,7974,101,9953,23292000,9425.9
,95533,3757,16979,82.25,107.1076782,109.554285,2.23,8134,98,9834,23302000,9431.0
,95605,3758,17011,82.25,107.1076782,109.554285,2.23,8162,98,9941,23312000,9436.0
,95668,3764,17036,82.25,107.1076782,109.554285,2.23,8247,57,9950,23327000,9441.1
,95731,3766,17066,82.26,107.1076782,109.554285,2.23,8263,69,9695,23344000,9446.2
,95828,3770,17109,82.26,107.1076782,109.554285,2.23,8293,69,9784,23360000,9451.4
,95896,3771,17136,82.26,107.1076782,109.554285,2.23,8251,75,9989,23376000,9456.5
,95943,3773,17155,82.26,107.1076782,109.554285,2.23,8135,91,9932,23390000,9461.5
,95977,3770,17172,82.26,107.1076782,109.554285,2.23,7392,98,9977,23403000,9466.7
,96035,3775,17197,82.26,107.1076782,109.554285,2.23,7415,98,9935,23420000,9471.8
,96092,3777,17222,82.26,107.1076782,109.554285,2.23,7206,106,9608,23433000,9476.8
,96134,3779,17239,82.28,107.1076782,109.554285,2.23,6846,125,9824,23446000,9481.9
,96189,3779,17265,82.28,107.1076782,109.554285,2.23,6870,125,9525,23457000,9487.0
,96221,3782,17281,82.29,107.1076782,109.554285,2.23,5795,104,9750,23472000,9493.5
,96314,3787,17318,82.29,107.1076782,109.554285,2.23,5825,104,9631,23481000,9498.6
,96362,3788,17340,82.29,107.1076782,109.554285,2.23,5390,116,9492,23494000,9503.7
,96412,3787,17365,82.29,107.1076782,109.554285,2.23,4528,75,9901,23504000,9508.8
,96468,3787,17392,82.29,107.1076782,109.554285,2.23,4551,75,9790,23516000,9514.3
,96502,3789,17408,82.29,107.1076782,109.554285,2.23,3952,96,9878,23523000,9519.4
,96546,3790,17428,82.3,107.1076782,109.554285,2.23,3971,96,9530,23536000,9524.5
,96584,3791,17445,82.3,107.1076782,109.554285,2.23,4163,104,9789,23548000,9530.1
,96638,3793,17464,82.3,107.1076782,109.554285,2.23,4175,104,9923,23561000,9535.6
,96690,3800,17486,82.3,107.1076782,109.554285,2.23,4061,88,9889,23569000,9540.6
,96703,3800,17493,82.31,107.1076782,109.554285,2.23,4081,88,9693,23578000,9545.6
,96732,3802,17505,82.32,107.1076782,109.554285,2.23,4092,88,9926,23590000,9550.7
,96787,3807,17527,82.32,107.1076782,109.554285,2.23,4365,94,9969,23610000,9559.0
,96832,3808,17548,82.32,107.1076782,109.554285,2.23,4382,94,9725,23626000,9564.5
,96873,3809,17566,82.32,107.1076782,109.554285,2.23,4399,94,9884,23642000,9569.8
,96894,3811,17574,82.32,107.1076782,109.554285,2.23,4390,65,9589,23744000,9601.9
,96927,3812,17591,82.32,107.1076782,109.554285,2.23,4407,65,9600,23752000,9607.0
,96994,3822,17618,82.32,107.1076782,109.554285,2.23,4396,73,9598,23761000,9612.1
,97037,3822,17635,82.32,107.1076782,109.554285,2.23,4411,73,9847,23774000,9617.2
,97105,3830,17661,82.32,107.1076782,109.554285,2.23,4370,76,9853,23784000,9622.5
,97177,3834,17687,82.32,107.1076782,109.554285,2.23,4388,76,9692,23795000,9627.9
,97209,3843,17696,82.32,107.1076782,109.554285,2.23,4127,88,9836,23808000,9633.1
,97303,3856,17731,82.32,107.1076782,109.554285,2.23,3945,100,9608,23817000,9638.1
,97378,3856,17764,82.32,107.1076782,109.554285,2.23,3931,113,9598,23830000,9643.2
,97428,3856,17788,82.32,107.1076782,109.554285,2.23,3945,113,9969,23844000,9648.6
,97468,3857,17804,82.32,107.1076782,109.554285,2.23,4269,101,9782,23856000,9654.3
,97506,3857,17821,82.32,107.1076782,109.554285,2.23,5724,160,9722,23872000,9659.3
,97569,3858,17852,82.32,107.1076782,109.554285,2.23,5762,160,9501,23889000,9664.3
,97609,3868,17866,82.33,107.1076782,109.554285,2.23,6089,134,9695,23903000,9669.3
,97690,3880,17898,82.33,107.1076782,109.554285,2.23,7240,112,9551,23915000,9674.5
,97745,3877,17925,82.33,107.1076782,109.554285,2.23,7413,140,9651,23931000,9679.6
,97812,3874,17958,82.33,107.1076782,109.554285,2.23,7238,133,9782,23946000,9685.6
,97901,3880,17996,82.33,107.1076782,109.554285,2.23,7268,133,9926,23961000,9690.6
,98015,3893,18044,82.34,107.1076782,109.554285,2.23,7165,70,9826,23975000,9695.7
,98095,3893,18080,82.34,107.1076782,109.554285,2.23,7199,70,9992,23994000,9700.8
,98158,3895,18110,82.34,107.1076782,109.554285,2.23,7045,97,9990,24013000,9705.8
,98231,3901,18142,82.34,107.1076782,109.554285,2.23,5149,116,9966,24026000,9711.3
,98330,3895,18188,82.34,107.1076782,109.554285,2.23,6263,131,9796,24038000,9716.5
,98391,3901,18212,82.34,107.1076782,109.554285,2.23,5497,104,9724,24053000,9721.5
,98461,3911,18241,82.34,107.1076782,109.554285,2.23,5505,109,9594,24068000,9726.6
,98539,3925,18273,82.34,107.1076782,109.554285,2.23,5823,168,9924,24080000,9731.7
,98585,3924,18295,82.35,107.1076782,109.554285,2.23,5879,128,9987,24096000,9736.9
,98645,3926,18323,82.35,107.1076782,109.554285,2.23,5749,163,9842,24111000,9742.0
,98692,3924,18347,82.35,107.1076782,109.554285,2.23,5755,68,9442,24131000,9747.1
,98743,3925,18370,82.37,107.1076782,109.554285,2.23,5432,116,9916,24148000,9752.6
,98782,3925,18388,82.38,107.1076782,109.554285,2.23,5447,116,9598,24165000,9757.8
,98830,3929,18410,82.39,107.1076782,109.554285,2.23,5464,81,9518,24181000,9762.9
,98882,3932,18435,82.39,107.1076782,109.554285,2.23,5484,81,9521,24200000,9768.0
,98918,3934,18452,82.39,107.1076782,109.554285,2.23,5513,90,9849,24219000,9773.4
,98949,3932,18468,82.39,107.1076782,109.554285,2.23,5341,103,9831,24237000,9779.1
,98974,3931,18479,82.39,107.1076782,109.554285,2.23,5283,110,9373,24256000,9784.2
,99001,3931,18493,82.39,107.1076782,109.554285,2.23,5089,78,9937,24272000,9789.4
,99041,3928,18512,82.39,107.1076782,109.554285,2.23,4880,113,9678,24374000,9814.6
,99114,3937,18541,82.4,107.1076782,109.554285,2.23,4903,113,9420,24387000,9819.7
,99161,3943,18563,82.4,107.1076782,109.554285,2.23,4926,148,9943,24401000,9824.8
,99222,3943,18591,82.4,107.1076782,109.554285,2.23,4947,148,9995,24417000,9830.0
,99258,3943,18608,82.4,107.1076782,109.554285,2.23,4985,139,9893,24436000,9835.2
,99297,3944,18625,82.4,107.1076782,109.554285,2.23,5183,91,9727,24451000,9840.4
,99363,3944,18658,82.4,107.1076782,109.554285,2.23,5213,91,9952,24469000,9845.7
,99422,3947,18683,82.4,107.1076782,109.554285,2.23,5680,101,9497,24481000,9850.7
,99529,3952,18733,82.4,107.1076782,109.554285,2.23,6145,101,9992,24497000,9856.2
,99602,3956,18765,82.41,107.1076782,109.554285,2.23,6169,101,9929,24515000,9861.3
,99723,3958,18820,82.41,107.1076782,109.554285,2.23,7020,97,9850,24527000,9866.5
,99806,3957,18859,82.44,107.1128854,109.554285,2.23,7028,108,9756,24541000,9871.6
,99857,3957,18883,82.45,107.1128854,109.554285,2.23,7053,108,9910,24560000,9876.7
,99921,3967,18909,82.5,107.1128854,109.554285,2.23,7208,74,9551,24578000,9881.9
,99993,3975,18938,82.51,107.1128854,109.554285,2.23,7204,83,9893,24599000,9887.4
,100045,3977,18962,82.51,107.1128854,109.554285,2.23,7233,83,9901,24619000,9892.5
,100087,3979,18983,82.51,107.1128854,109.554285,2.23,7663,120,9409,24637000,9898.6
,100191,3989,19030,82.51,107.1128854,109.554285,2.23,7753,71,9851,24651000,9903.8
,100326,3995,19084,82.51,107.1128854,109.554285,2.23,7768,80,9660,24661000,9908.8
,100414,3990,19129,82.51,107.1128854,109.554285,2.23,7024,109,9941,24671000,9913.9
,100452,3990,19145,82.51,107.1128854,109.554285,2.23,7043,109,9955,24686000,9919.0
,100556,4000,19187,82.51,107.1153242,109.554285,2.23,6718,77,9431,24698000,9924.0
,100784,4017,19281,82.51,107.1153242,109.554285,2.23,6840,93,9872,24704000,9929.0
,100900,4026,19331,82.52,107.1153242,109.554285,2.23,6459,109,9887,24714000,9934.2
,101025,4038,19384,82.52,107.1485703,109.554285,2.2,6425,49,9579,24722000,9939.2
,101138,4055,19428,82.52,107.1666165,109.554285,2.18,6598,95,9836,24731000,9944.2
,101291,4064,19496,82.52,107.1666165,109.554285,2.18,6583,39,9430,24740000,9949.3
,101410,4067,19545,82.55,107.1666165,109.554285,2.18,6351,92,9826,24750000,9954.4
,101539,4086,19593,82.57,107.1666165,109.554285,2.18,5838,61,9987,24759000,9959.4
,101688,4101,19653,82.58,107.1666165,109.554285,2.18,5845,88,9673,24769000,9964.4
,101782,4112,19696,82.59,107.1666165,109.554285,2.18,4740,94,9888,24791000,9971.3
,101966,4139,19771,82.6,107.1666165,109.554285,2.18,4756,100,9761,24798000,9976.3
,102105,4169,19828,82.61,107.1666165,109.554285,2.18,4646,62,9355,24806000,9981.4
,102229,4183,19880,82.61,107.1666165,109.554285,2.18,4556,64,9705,24818000,9986.4
,102342,4199,19926,82.61,107.1666165,109.554285,2.18,4526,65,9899,24830000,9991.4
,102486,4228,19986,82.61,107.1666165,109.554285,2.18,4203,43,9690,24846000,9999.1
,102616,4249,20037,82.61,107.1666165,109.554285,2.18,4132,48,9969,24858000,10004.1
,102789,4275,20103,82.62,107.1666165,109.554285,2.18,3851,71,9375,24866000,10009.3
,102920,4295,20147,82.62,107.1666165,109.554285,2.18,3500,99,9730,24879000,10014.4
,103128,4334,20214,82.62,107.1666165,109.554285,2.18,3585,111,9977,24889000,10019.5
,103358,4396,20279,82.62,107.1666165,109.554285,2.18,3507,40,9890,24900000,10024.6
,103510,4425,20339,82.62,107.1666165,109.554285,2.18,3374,94,9965,24908000,10029.6
,103561,4434,20357,82.62,107.1666165,109.554285,2.18,3295,151,9948,24923000,10034.6
,103689,4448,20405,82.62,107.1666165,109.554285,2.18,3615,125,9907,24933000,10039.8
,103749,4464,20429,82.63,107.1666165,109.554285,2.18,4789,87,9797,24946000,10044.8
,103844,4482,20467,82.63,107.1666165,109.554285,2.18,4821,90,9767,24958000,10050.1
,103935,4495,20501,82.63,107.1666165,109.554285,2.18,4819,91,9984,24973000,10055.2
,104044,4508,20538,82.63,107.1666165,109.554285,2.18,5177,80,9929,24987000,10061.0
,104161,4514,20595,82.63,107.1666165,109.554285,2.18,5193,93,9800,24999000,10066.2
,104260,4521,20640,82.63,107.1666165,109.554285,2.18,5451,98,9927,25011000,10071.2
,104468,4527,20735,82.63,107.1666165,109.554285,2.18,6147,46,9590,25017000,10076.2
,104658,4545,20812,82.64,107.1900559,109.554285,2.16,6379,67,9875,25025000,10081.2
,104879,4552,20901,82.64,107.1900559,109.554285,2.16,5260,59,9959,25032000,10086.2
,105037,4547,20974,82.65,107.2015173,109.554285,2.15,4920,75,9896,25043000,10091.3
,105169,4553,21026,82.65,107.2311262,109.554285,2.12,5051,40,9522,25049000,10096.3
,105329,4565,21092,82.65,107.2311262,109.554285,2.12,5843,113,9676,25077000,10106.0
,105378,4565,21114,82.65,107.2311262,109.554285,2.12,5870,113,9856,25093000,10111.1
,105515,4571,21172,82.65,107.232455,109.554285,2.12,5522,97,9981,25103000,10116.2
,105638,4573,21218,82.68,107.232455,109.554285,2.12,5642,74,9744,25116000,10121.5
,105677,4572,21239,82.75,107.232455,109.554285,2.12,5575,83,9655,25132000,10126.6
,105900,4595,21325,82.75,107.232455,109.554285,2.12,5602,44,9889,25140000,10131.6
,106008,4592,21372,82.77,107.232455,109.554285,2.12,6335,70,9818,25151000,10136.6
,106196,4631,21447,82.78,107.232455,109.554285,2.12,6283,90,9784,25160000,10142.0
,106356,4640,21510,82.78,107.232455,109.554285,2.12,6261,103,9569,25173000,10147.3
,106538,4657,21588,82.78,107.2466785,109.554285,2.11,6499,58,9714,25184000,10152.3
,106615,4665,21619,82.81,107.2466785,109.554285,2.11,6581,91,9767,25199000,10157.4
,106744,4677,21668,82.82,107.2466785,109.554285,2.11,6528,67,9979,25214000,10163.4
,106785,4681,21687,82.82,107.2466785,109.554285,2.11,6460,95,9883,25229000,10168.4
,106899,4693,21731,82.82,107.2466785,109.554285,2.11,6342,99,9928,25245000,10173.8
,106978,4699,21760,82.82,107.2466785,109.554285,2.11,6968,73,9979,25260000,10178.8
,107189,4716,21846,82.82,107.250611,109.554285,2.1,7052,43,9951,25270000,10183.8
,107373,4724,21920,82.83,107.2653772,109.554285,2.09,6502,115,9955,25278000,10189.0
,107449,4715,21958,82.85,107.2843873,109.554285,2.07,6141,138,9740,25290000,10194.0
,107508,4717,21989,82.85,107.2843873,109.554285,2.07,6984,187,9604,25305000,10199.2
,107547,4708,22011,82.85,107.2847144,109.554285,2.07,6898,128,9637,25316000,10204.2
,107631,4699,22053,82.85,107.2855922,109.554285,2.07,6864,73,9879,25326000,10209.3
,107695,4700,22078,82.91,107.2855922,109.554285,2.07,7151,102,9694,25339000,10214.3
,107825,4704,22140,82.93,107.2883906,109.554285,2.07,6881,138,9936,25349000,10219.3
,107849,4690,22157,82.95,107.2895727,109.554285,2.07,7587,187,9995,25368000,10226.4
,107923,4697,22185,83.01,107.2895727,109.554285,2.07,7604,187,9946,25382000,10232.3
,107951,4700,22197,83.02,107.2895727,109.554285,2.07,7284,104,9732,25394000,10237.9
,108046,4709,22239,83.02,107.2895727,109.554285,2.07,6949,116,9679,25403000,10243.3
,108087,4709,22258,83.02,107.2895727,109.554285,2.07,6964,116,9872,25416000,10248.5
,108139,4710,22283,83.02,107.2895727,109.554285,2.07,7002,116,9489,25426000,10253.6
,108241,4717,22326,83.02,107.2895727,109.554285,2.07,7098,106,9761,25436000,10258.6
,108326,4720,22363,83.03,107.2895727,109.554285,2.07,6850,80,9641,25447000,10264.1
,108411,4719,22403,83.03,107.2895727,109.554285,2.07,6878,109,9765,25458000,10269.1
,108456,4718,22425,83.03,107.2895727,109.554285,2.07,6669,125,9672,25481000,10276.0
,108470,4718,22432,83.03,107.2895727,109.554285,2.07,6677,125,9756,25501000,10281.2
,108548,4719,22468,83.03,107.2895727,109.554285,2.07,6707,125,9778,25513000,10286.4
,108628,4720,22505,83.03,107.2895727,109.554285,2.07,6380,104,9967,25524000,10291.5
,108688,4716,22535,83.03,107.2895727,109.554285,2.07,6086,90,9876,25541000,10296.5
,108773,4718,22575,83.04,107.2895727,109.554285,2.07,5947,112,9874,25557000,10301.7
,108812,4719,22593,83.04,107.2895727,109.554285,2.07,5985,112,9955,25587000,10308.7
,108880,4722,22624,83.04,107.2895727,109.554285,2.07,5341,130,9773,25602000,10313.7
,108931,4723,22649,83.04,107.2895727,109.554285,2.07,5389,77,9081,25616000,10318.8
,108987,4729,22671,83.04,107.2895727,109.554285,2.07,5471,101,9384,25634000,10324.1
,109058,4730,22703,83.04,107.2895727,109.554285,2.07,5508,101,9981,25652000,10329.4
,109121,4749,22728,83.04,107.2895727,109.554285,2.07,5522,113,9975,25667000,10334.5
,109190,4757,22756,83.04,107.2895727,109.554285,2.07,5354,123,9851,25682000,10339.7
,109248,4757,22785,83.04,107.2895727,109.554285,2.07,5381,123,9832,25698000,10344.7
,109285,4758,22803,83.04,107.2895727,109.554285,2.07,5447,61,9716,25715000,10349.9
,109349,4758,22835,83.04,107.2895727,109.554285,2.07,5479,61,9582,25734000,10355.0
,109405,4758,22860,83.04,107.2895727,109.554285,2.07,5619,109,9790,25750000,10360.8
,109502,4773,22903,83.04,107.2895727,109.554285,2.07,5656,109,9851,25765000,10365.9
,109658,4794,22961,83.04,107.2895727,109.554285,2.07,5683,144,9844,25777000,10370.9
,109758,4803,23004,83.04,107.2895727,109.554285,2.07,5796,62,9976,25791000,10376.0
,109839,4806,23032,83.04,107.2895727,109.554285,2.07,5651,69,9992,25807000,10381.0
,109932,4819,23067,83.04,107.2895727,109.554285,2.07,5584,89,9949,25825000,10387.0
,110009,4825,23102,83.04,107.2895727,109.554285,2.07,5411,107,9947,25844000,10392.7
,110076,4829,23131,83.04,107.2895727,109.554285,2.07,5040,78,9875,25859000,10397.7
,110146,4840,23158,83.04,107.2895727,109.554285,2.07,4970,96,9922,25876000,10402.9
,110175,4842,23169,83.04,107.2895727,109.554285,2.07,4823,130,9429,25893000,10407.9
,110248,4843,23203,83.04,107.2895727,109.554285,2.07,4838,130,9921,25906000,10412.9
,110312,4847,23231,83.04,107.2895727,109.554285,2.07,4515,139,9842,25921000,10418.0
,110356,4851,23251,83.04,107.2895727,109.554285,2.07,4536,139,9990,25938000,10423.0
,110432,4852,23285,83.04,107.2895727,109.554285,2.07,4224,79,9652,25950000,10428.3
,110482,4858,23307,83.04,107.2895727,109.554285,2.07,4558,76,9488,25963000,10433.3
,110523,4857,23326,83.04,107.2895727,109.554285,2.07,4605,102,9891,25980000,10438.4
,110553,4857,23337,83.04,107.2895727,109.554285,2.07,5103,105,9613,25996000,10444.4
,110605,4858,23360,83.04,107.2895727,109.554285,2.07,5135,105,9929,26014000,10449.6
,110680,4873,23390,83.04,107.2895727,109.554285,2.07,5071,118,9677,26026000,10454.6
,110755,4874,23424,83.04,107.2895727,109.554285,2.07,5530,106,9561,26039000,10459.6
,110818,4878,23452,83.04,107.2895727,109.554285,2.07,5439,142,9923,26055000,10464.9
,110874,4879,23476,83.04,107.2895727,109.554285,2.07,5459,142,9904,26068000,10470.0
,110947,4882,23509,83.04,107.2895727,109.554285,2.07,5799,125,9788,26083000,10476.7
,111013,4885,23541,83.04,107.2895727,109.554285,2.07,5830,125,9990,26098000,10481.7
,111042,4882,23555,83.04,107.2895727,109.554285,2.07,6421,138,9920,26112000,10486.7
,111104,4886,23585,83.04,107.2895727,109.554285,2.07,6443,138,9785,26125000,10491.8
,111142,4895,23599,83.04,107.2895727,109.554285,2.07,7079,102,10151,26138000,10497.5
,111171,4894,23612,83.04,107.2895727,109.554285,2.07,7162,114,9997,26148000,10502.5
,111255,4904,23650,83.04,107.2895727,109.554285,2.07,6844,129,9546,26157000,10507.6
,111296,4905,23668,83.04,107.2895727,109.554285,2.07,6883,144,9885,26172000,10513.3
,111332,4906,23685,83.04,107.2895727,109.554285,2.07,6902,144,9725,26183000,10518.4
,111378,4907,23708,83.04,107.2895727,109.554285,2.07,7589,101,9934,26193000,10523.5
,111414,4906,23726,83.04,107.2895727,109.554285,2.07,7779,121,9792,26207000,10528.8
,111467,4906,23751,83.04,107.2895727,109.554285,2.07,7806,121,9940,26216000,10534.1
,111508,4910,23771,83.04,107.2895727,109.554285,2.07,7808,141,9756,26226000,10539.5
,111549,4911,23790,83.04,107.2895727,109.554285,2.07,7824,141,10000,26239000,10544.8
,111608,4917,23818,83.04,107.2895727,109.554285,2.07,7878,154,9971,26251000,10550.3
,111633,4916,23830,83.04,107.2895727,109.554285,2.07,7951,55,9597,26268000,10555.3
,111667,4916,23846,83.04,107.2895727,109.554285,2.07,7967,55,9746,26281000,10560.4
,111724,4920,23873,83.04,107.2895727,109.554285,2.07,8101,67,9940,26292000,10565.7
,111780,4922,23900,83.04,107.2895727,109.554285,2.07,8133,67,9854,26306000,10570.7
,111821,4924,23920,83.04,107.2895727,109.554285,2.07,8032,86,9943,26325000,10576.9
,111850,4921,23935,83.04,107.2895727,109.554285,2.07,7541,100,9738,26341000,10582.1
,111941,4928,23968,83.04,107.2895727,109.554285,2.07,7545,142,9809,26356000,10587.2
,111999,4946,23996,83.04,107.2895727,109.554285,2.07,6536,103,9993,26371000,10592.2
,112059,4948,24025,83.04,107.2895727,109.554285,2.07,6295,109,9706,26382000,10597.4
,112074,4943,24034,83.04,107.2895727,109.554285,2.07,4813,114,9939,26391000,10604.4
,112105,4943,24050,83.04,107.2895727,109.554285,2.07,4957,81,9268,26403000,10609.5
,112131,4943,24063,83.04,107.2895727,109.554285,2.07,4967,81,9354,26417000,10614.7
,112172,4944,24083,83.04,107.2895727,109.554285,2.07,4985,81,9601,26428000,10619.9
,112188,4943,24088,83.04,107.2895727,109.554285,2.07,5589,141,9712,26439000,10625.2
,112218,4944,24102,83.04,107.2895727,109.554285,2.07,5622,141,9985,26454000,10631.1
,112284,4952,24134,83.04,107.2895727,109.554285,2.07,5880,95,9531,26463000,10636.3
,112365,4951,24171,83.04,107.2895727,109.554285,2.07,5361,138,9974,26472000,10641.3
,112421,4951,24197,83.04,107.2895727,109.554285,2.07,5538,93,9893,26484000,10646.3
,112462,4948,24218,83.04,107.2895727,109.554285,2.07,5585,135,9886,26495000,10651.3
,112506,4947,24238,83.04,107.2895727,109.554285,2.07,5967,114,9855,26507000,10656.6
,112592,4948,24279,83.04,107.2895727,109.554285,2.07,5987,114,9903,26516000,10661.6
,112636,4949,24301,83.04,107.2895727,109.554285,2.07,6125,143,9541,26528000,10666.7
,112650,4945,24310,83.04,107.2895727,109.554285,2.07,6432,180,9717,26542000,10672.6
,112683,4945,24326,83.04,107.2895727,109.554285,2.07,6448,180,9841,26554000,10677.7
,112697,4945,24333,83.04,107.2895727,109.554285,2.07,6467,180,9531,26570000,10683.2
,112736,4945,24352,83.04,107.2895727,109.554285,2.07,6410,187,9843,26582000,10688.2
,112774,4947,24370,83.04,107.2895727,109.554285,2.07,6430,187,9920,26596000,10693.9
,112806,4945,24385,83.04,107.2895727,109.554285,2.07,6951,131,9712,26606000,10700.2
,112847,4943,24405,83.04,107.2895727,109.554285,2.07,7146,120,9954,26619000,10705.2
,112889,4945,24424,83.04,107.2895727,109.554285,2.07,7297,186,9655,26628000,10710.2
,112931,4945,24445,83.04,107.2895727,109.554285,2.07,7091,194,9908,26639000,10715.2
,112950,4943,24455,83.04,107.2895727,109.554285,2.07,7771,177,9682,26652000,10721.8
,113013,4943,24485,83.04,107.2895727,109.554285,2.07,7679,187,9880,26663000,10727.0
,113092,4944,24525,83.04,107.2895727,109.554285,2.07,7774,122,9605,26673000,10732.1
,113143,4942,24549,83.04,107.2895727,109.554285,2.07,8076,197,9921,26683000,10737.1
,113215,4951,24581,83.04,107.2895727,109.554285,2.07,8036,142,9504,26694000,10742.9
,113365,4964,24645,83.04,107.2895727,109.554285,2.07,8591,167,9871,26702000,10747.9
,113571,5006,24723,83.04,107.2895727,109.554285,2.07,7726,194,9496,26707000,10752.9
,113741,5027,24794,83.04,107.2895727,109.554285,2.07,7849,66,9847,26712000,10757.9
,113826,5031,24836,83.04,107.2895727,109.554285,2.07,6893,162,10007,26722000,10763.2
,113957,5039,24892,83.04,107.2895727,109.554285,2.07,6954,162,9932,26728000,10768.5
,114101,5043,24960,83.04,107.2895727,109.554285,2.07,6509,52,9757,26732000,10773.5
,114192,5049,25003,83.04,107.2895727,109.554285,2.07,6571,93,9761,26740000,10778.6
,114243,5051,25027,83.04,107.2895727,109.554285,2.07,6602,93,9979,26752000,10783.6
,114363,5055,25072,83.04,107.2895727,109.554285,2.07,6605,87,9500,26759000,10788.8
,114405,5050,25091,83.04,107.2895727,109.554285,2.07,6353,198,9714,26767000,10793.8
,114447,5050,25111,83.04,107.2895727,109.554285,2.07,6369,198,9949,26779000,10799.6
,114481,5052,25125,83.04,107.2895727,109.554285,2.07,5847,233,9941,26786000,10804.6
,114508,5051,25140,83.04,107.2895727,109.554285,2.07,5689,125,9753,26794000,10809.7
,114537,5042,25157,83.04,107.2895727,109.554285,2.07,4818,166,9857,26804000,10814.9
,114577,0,0,0.0,107.2895727,109.554285,2.07,57,0,0,26808000,10820.1
,114577,0,0,0.0,107.2895727,109.554285,2.07,57,19,1,26809000,10820.6
,114577,0,0,0.0,107.2895727,109.554285,2.07,1215,84,1,26818000,10825.7
,114577,0,0,0.0,107.2895727,109.554285,2.07,2780,90,1,26821000,10831.1
,114589,1,1,0.05,107.2895727,109.554285,2.07,3065,46,142,26838000,10837.3
,114650,10,28,3.78,107.2895727,109.554285,2.07,3091,46,852,26846000,10842.3
,114686,18,38,5.05,107.2895727,109.554285,2.07,3824,65,1160,26860000,10848.3
,114755,26,65,5.56,107.2895727,109.554285,2.07,3851,65,1651,26872000,10853.3
,114808,42,81,6.0,107.2895727,109.554285,2.07,4624,148,1949,26883000,10858.4
,114884,61,109,6.1,107.2895727,109.554285,2.07,4758,116,2130,26896000,10865.2
,114918,61,125,6.37,107.2895727,109.554285,2.07,4771,116,2293,26912000,10870.6
,114964,64,145,6.77,107.2895727,109.554285,2.07,4788,116,2535,26924000,10876.0
,114999,68,160,6.84,107.2895727,109.554285,2.07,4570,132,2810,26936000,10881.1
,115053,71,185,6.97,107.2895727,109.554285,2.07,4596,132,3321,26946000,10886.1
,115087,77,198,7.37,107.2895727,109.554285,2.07,5886,150,3505,26966000,10894.5
,115133,83,216,11.2,107.2895727,109.554285,2.07,5906,150,4246,26978000,10899.8
,115190,94,237,12.25,107.2895727,109.554285,2.07,5918,166,4783,27000000,10909.4
,115229,100,252,12.47,107.2895727,109.554285,2.07,5933,166,5020,27014000,10914.4
,115271,106,270,12.55,107.2895727,109.554285,2.07,5952,166,5241,27028000,10919.8
,115329,112,296,12.57,107.2895727,109.554285,2.07,6036,178,5759,27036000,10924.9
,115370,115,315,12.57,107.2895727,109.554285,2.07,6057,178,6185,27048000,10930.0
,115441,118,345,12.57,107.2895727,109.554285,2.07,6059,79,6532,27057000,10935.0
,115489,126,368,12.57,107.2895727,109.554285,2.07,6739,105,6790,27067000,10940.2
,115521,126,382,12.58,107.2895727,109.554285,2.07,6655,67,7270,27078000,10945.3
,115600,134,418,12.6,107.2895727,109.554285,2.07,6699,74,7693,27091000,10951.4
,115624,134,427,12.7,107.2895727,109.554285,2.07,6170,145,7802,27109000,10959.1
,115699,139,455,14.7,107.2895727,109.554285,2.07,6192,145,8064,27120000,10964.4
,115725,146,463,16.5,107.2895727,109.554285,2.07,6226,158,8212,27140000,10970.7
,115753,147,476,16.63,107.2895727,109.554285,2.07,6240,158,8404,27155000,10975.8
,115777,147,488,16.64,107.2895727,109.554285,2.07,6264,158,8723,27171000,10980.9
,115810,148,503,16.65,107.2895727,109.554285,2.07,6285,158,8930,27187000,10986.6
,115821,151,508,16.65,107.2895727,109.554285,2.07,6504,193,9017,27200000,10991.9
,115852,151,523,16.65,107.2895727,109.554285,2.07,6806,85,9158,27214000,10997.0
,115899,152,546,16.65,107.2895727,109.554285,2.07,6699,97,9318,27228000,11002.2
,115971,156,577,16.65,107.2895727,109.554285,2.07,6901,93,9793,27235000,11007.5
,115992,154,584,16.67,107.2895727,109.554285,2.07,6960,147,9989,27250000,11014.1
,116052,162,611,17.92,107.2895727,109.554285,2.07,6984,147,8751,27259000,11019.2
,116099,168,632,18.32,107.2895727,109.554285,2.07,7531,167,9159,27269000,11025.3
,116126,167,644,18.54,107.2895727,109.554285,2.07,7613,100,9330,27284000,11030.8
,116171,169,665,18.74,107.2895727,109.554285,2.07,7709,124,9778,27297000,11036.7
,116194,169,674,19.26,107.2895727,109.554285,2.07,9394,200,9218,27321000,11047.0
,116228,172,688,20.02,107.2895727,109.554285,2.07,9411,200,9560,27333000,11052.1
,116270,175,707,20.26,107.2895727,109.554285,2.07,9421,200,8002,27345000,11057.1
,116288,181,713,20.3,107.2895727,109.554285,2.07,8863,194,8468,27354000,11062.1
,116317,180,725,20.4,107.2895727,109.554285,2.07,9069,170,9021,27367000,11068.4
,116391,183,757,20.4,107.2895727,109.554285,2.07,9102,170,9092,27377000,11073.4
,116435,191,778,20.68,107.2895727,109.554285,2.07,9071,87,9359,27390000,11079.4
,116493,192,803,20.81,107.2895727,109.554285,2.07,8769,127,8399,27414000,11089.4
,116537,197,822,21.18,107.2895727,109.554285,2.07,8790,127,8818,27429000,11094.6
,116584,198,845,21.19,107.2895727,109.554285,2.07,8821,127,9092,27442000,11099.7
,116609,203,858,21.58,107.2895727,109.554285,2.07,8722,168,9270,27455000,11104.7
,116653,203,880,21.6,107.2895727,109.554285,2.07,8735,189,9722,27465000,11109.8
,116688,201,897,22.38,107.2895727,109.554285,2.07,8953,141,9772,27479000,11115.7
,116781,207,938,25.26,107.2895727,109.554285,2.07,8982,141,9974,27488000,11120.9
,116823,212,959,25.32,107.2895727,109.554285,2.07,8893,129,9433,27505000,11127.8
,116873,212,983,25.34,107.2895727,109.554285,2.07,8915,129,9530,27520000,11133.5
,116909,216,1000,25.34,107.2895727,109.554285,2.07,8918,135,9573,27536000,11138.9
,116962,216,1025,25.44,107.2895727,109.554285,2.07,9117,130,8792,27555000,11147.5
,116987,217,1036,26.02,107.2895727,109.554285,2.07,9126,130,8930,27573000,11154.3
,117022,218,1046,26.11,107.2895727,109.554285,2.07,9130,130,9187,27590000,11160.3
,117073,224,1071,26.23,107.2895727,109.554285,2.07,9095,151,9351,27603000,11165.4
,117124,226,1096,26.23,107.2895727,109.554285,2.07,9124,151,9817,27615000,11170.4
,117165,227,1116,26.23,107.2895727,109.554285,2.07,9120,157,9556,27626000,11175.6
,117236,232,1146,26.23,107.2895727,109.554285,2.07,9230,50,9490,27633000,11180.6
,117268,233,1164,26.23,107.2895727,109.554285,2.07,9152,80,9433,27640000,11185.7
,117311,234,1183,26.23,107.2895727,109.554285,2.07,9211,85,10000,27650000,11190.8
,117368,234,1210,26.24,107.2895727,109.554285,2.07,9319,100,9809,27659000,11195.8
,117461,237,1256,26.63,107.2895727,109.554285,2.07,9466,88,9683,27674000,11203.4
,117508,242,1276,27.21,107.2895727,109.554285,2.07,9485,88,9639,27685000,11208.7
,117557,251,1299,27.73,107.2895727,109.554285,2.07,9547,129,9898,27699000,11214.3
,117576,248,1309,27.88,107.2895727,109.554285,2.07,9192,183,9874,27710000,11219.6
,117650,251,1340,27.88,107.2895727,109.554285,2.07,9225,183,9232,27718000,11224.6
,117697,256,1359,27.89,107.2895727,109.554285,2.07,9103,199,9552,27732000,11229.7
,117735,255,1379,27.89,107.2895727,109.554285,2.07,8712,209,9705,27746000,11234.7
,117825,259,1421,27.89,107.2895727,109.554285,2.07,8832,68,9861,27752000,11239.8
,117852,265,1431,28.09,107.2895727,109.554285,2.07,9828,143,9715,27762000,11246.0
,117918,266,1464,28.86,107.2895727,109.554285,2.07,9851,143,9862,27771000,11251.0
,117970,267,1490,29.06,107.2895727,109.554285,2.07,9861,188,9478,27780000,11256.0
,117987,263,1498,29.3,107.2895727,109.554285,2.07,9779,162,9704,27803000,11264.7
,118035,264,1520,29.39,107.2895727,109.554285,2.07,9803,162,8829,27816000,11269.7
,118066,268,1534,29.59,107.2895727,109.554285,2.07,10088,210,8973,27833000,11277.1
,118120,269,1559,30.32,107.2895727,109.554285,2.07,10133,210,9595,27848000,11283.5
,118169,276,1581,30.67,107.2895727,109.554285,2.07,10049,254,9942,27860000,11289.7
,118210,280,1600,33.93,107.2895727,109.554285,2.07,10068,254,9566,27871000,11294.8
,118235,284,1610,35.31,107.2895727,109.554285,2.07,9985,200,9704,27882000,11300.3
,118265,284,1619,37.12,107.2895727,109.554285,2.07,10193,252,9828,27897000,11305.6
,118350,299,1660,37.16,107.2895727,109.554285,2.07,9811,115,9192,27905000,11310.6
,118370,298,1670,37.57,107.2895727,109.554285,2.07,8890,153,9460,27916000,11316.5
,118387,293,1680,38.02,107.2895727,109.554285,2.07,7825,249,9646,27938000,11324.4
,118407,295,1689,38.14,107.2895727,109.554285,2.07,7834,249,9725,27953000,11329.9
,118427,295,1699,38.21,107.2895727,109.554285,2.07,7846,249,9910,27970000,11336.6
,118445,295,1708,38.24,107.2895727,109.554285,2.07,7865,249,9427,27983000,11341.7
,118458,295,1714,38.27,107.2895727,109.554285,2.07,7872,249,9664,27996000,11346.9
,118488,294,1730,38.34,107.2895727,109.554285,2.07,7957,184,9168,28011000,11353.3
,118521,288,1748,38.49,107.2895727,109.554285,2.07,7726,92,9411,28025000,11358.8
,118536,287,1752,38.5,107.2895727,109.554285,2.07,7501,184,9493,28040000,11364.0
,118569,291,1768,38.56,107.2895727,109.554285,2.07,7519,184,9681,28054000,11369.5
,118596,288,1782,38.57,107.2895727,109.554285,2.07,7683,172,9919,28069000,11376.3
,118624,289,1795,38.67,107.2895727,109.554285,2.07,7851,89,9810,28083000,11381.7
,118654,290,1807,39.15,107.2895727,109.554285,2.07,8352,165,9995,28099000,11387.5
,118694,292,1826,39.54,107.2895727,109.554285,2.07,8370,165,9503,28111000,11392.6
,118755,299,1853,39.7,107.2895727,109.554285,2.07,8276,133,9795,28129000,11399.5
,118797,299,1873,39.96,107.2895727,109.554285,2.07,8197,160,9549,28142000,11404.6
,118826,300,1887,39.98,107.2895727,109.554285,2.07,8142,185,9659,28157000,11410.4
,118873,300,1910,40.0,107.2895727,109.554285,2.07,8177,185,9335,28168000,11415.8
,118890,298,1920,40.0,107.2895727,109.554285,2.07,8142,217,9634,28177000,11420.9
,118923,299,1935,40.09,107.2895727,109.554285,2.07,8398,140,9815,28191000,11426.0
,118981,299,1960,40.1,107.2895727,109.554285,2.07,8416,140,9866,28200000,11431.1
,119010,303,1975,40.12,107.2895727,109.554285,2.07,8402,182,9589,28208000,11436.1
,119058,310,1997,40.15,107.2895727,109.554285,2.07,8526,115,9769,28224000,11443.2
,119098,312,2015,40.32,107.2895727,109.554285,2.07,8620,128,9931,28236000,11448.2
,119129,313,2030,40.33,107.2895727,109.554285,2.07,8642,128,9753,28249000,11453.3
,119151,310,2042,41.13,107.2895727,109.554285,2.07,8504,122,9886,28261000,11458.4
,119166,309,2049,41.15,107.2895727,109.554285,2.07,8312,284,9987,28284000,11466.7
,119201,310,2065,41.18,107.2895727,109.554285,2.07,8325,284,9868,28298000,11472.5
,119242,311,2081,41.18,107.2895727,109.554285,2.07,8336,284,9895,28312000,11478.4
,119279,322,2094,41.18,107.2895727,109.554285,2.07,8363,127,9538,28325000,11484.7
,119306,321,2108,42.01,107.2895727,109.554285,2.07,8205,156,9985,28341000,11491.9
,119340,318,2126,42.81,107.2895727,109.554285,2.07,8102,193,9108,28353000,11497.2
,119367,319,2136,43.42,107.2895727,109.554285,2.07,8105,120,9532,28374000,11504.4
,119427,322,2163,43.47,107.2895727,109.554285,2.07,8130,120,9772,28386000,11509.5
,119475,326,2185,43.63,107.2895727,109.554285,2.07,7956,132,9696,28406000,11518.7
,119535,330,2210,43.83,107.2895727,109.554285,2.07,7978,132,9848,28416000,11523.7
,119588,341,2234,43.9,107.2895727,109.554285,2.07,7988,155,9937,28427000,11529.1
,119611,340,2246,43.92,107.2895727,109.554285,2.07,8038,190,9832,28440000,11534.4
,119649,336,2267,44.11,107.2895727,109.554285,2.07,8100,110,9998,28453000,11540.3
,119720,338,2296,44.22,107.2895727,109.554285,2.07,8121,110,9639,28464000,11545.3
,119850,363,2353,44.22,107.2895727,109.554285,2.07,8322,156,9390,28472000,11550.3
,119875,362,2363,44.39,107.2895727,109.554285,2.07,7646,138,9564,28487000,11556.8
,119908,363,2380,44.51,107.2895727,109.554285,2.07,7738,186,9801,28501000,11562.5
,119942,364,2395,44.66,107.2895727,109.554285,2.07,7843,230,9792,28513000,11567.5
,120005,363,2425,44.88,107.2895727,109.554285,2.07,7747,258,9807,28525000,11573.2
,120051,363,2446,44.93,107.2895727,109.554285,2.07,7766,258,9922,28537000,11578.6
,120092,363,2467,45.68,107.2895727,109.554285,2.07,7790,258,9900,28549000,11584.0
,120129,369,2484,46.24,107.2895727,109.554285,2.07,7840,120,9992,28562000,11589.0
,120197,372,2515,46.36,107.2895727,109.554285,2.07,7853,120,9633,28576000,11594.3
,120243,374,2535,46.36,107.2895727,109.554285,2.07,8195,144,9822,28587000,11599.3
,120274,370,2549,46.36,107.2895727,109.554285,2.07,8570,147,9606,28597000,11604.5
,120305,370,2563,46.42,107.2895727,109.554285,2.07,9506,209,9816,28625000,11616.3
,120358,370,2586,46.48,107.2895727,109.554285,2.07,9530,209,9788,28633000,11621.4
,120401,382,2606,46.5,107.2895727,109.554285,2.07,9546,209,9624,28645000,11626.4
,120423,379,2617,46.61,107.2895727,109.554285,2.07,9603,234,9771,28658000,11631.9
,120448,376,2632,46.7,107.2895727,109.554285,2.07,9891,276,9951,28672000,11637.4
,120516,378,2662,46.7,107.2895727,109.554285,2.07,9918,276,9496,28680000,11642.6
,120551,380,2679,46.7,107.2895727,109.554285,2.07,10051,310,9953,28691000,11648.6
,120602,381,2704,46.7,107.2895727,109.554285,2.07,10071,86,9860,28699000,11653.6
,120655,381,2730,46.71,107.2895727,109.554285,2.07,9669,129,9920,28714000,11660.8
,120694,387,2743,46.76,107.2895727,109.554285,2.07,9679,129,9947,28729000,11666.0
,120736,392,2758,46.77,107.2895727,109.554285,2.07,9691,129,9721,28743000,11671.2
,120755,398,2765,46.8,107.2895727,109.554285,2.07,8970,191,9795,28755000,11676.5
,120775,398,2775,46.82,107.2895727,109.554285,2.07,8987,191,9965,28766000,11681.7
,120819,402,2794,46.89,107.2895727,109.554285,2.07,8999,191,9833,28777000,11686.8
,120843,402,2804,46.94,107.2895727,109.554285,2.07,9010,191,9970,28789000,11691.8
,120864,402,2816,46.95,107.2895727,109.554285,2.07,9423,147,9009,28804000,11699.1
,120874,399,2821,47.35,107.2895727,109.554285,2.07,8897,199,9036,28818000,11704.6
,120933,407,2847,48.96,107.2895727,109.554285,2.07,8931,199,9539,28829000,11709.8
,120980,408,2871,49.54,107.2895727,109.554285,2.07,8809,178,9888,28840000,11715.2
,121010,406,2886,50.44,107.2895727,109.554285,2.07,8964,227,9632,28869000,11726.1
,121051,410,2901,50.55,107.2895727,109.554285,2.07,8981,227,9856,28881000,11731.2
,121111,434,2922,50.57,107.2895727,109.554285,2.07,8901,189,9738,28890000,11736.4
,121123,433,2926,50.64,107.2895727,109.554285,2.07,7683,208,9824,28903000,11741.5
,121166,434,2945,50.66,107.2895727,109.554285,2.07,7689,208,9898,28912000,11746.6
,121212,437,2966,50.66,107.2895727,109.554285,2.07,7693,208,9908,28922000,11751.8
,121220,432,2972,51.46,107.2895727,109.554285,2.07,6823,189,10000,28938000,11758.8
,121254,438,2985,51.85,107.2895727,109.554285,2.07,6834,189,9616,28955000,11764.9
,121283,437,2998,51.87,107.2895727,109.554285,2.07,7234,217,9908,28966000,11770.0
,121320,439,3009,51.94,107.2895727,109.554285,2.07,7242,217,9534,28983000,11776.8
,121363,458,3028,52.53,107.2895727,109.554285,2.07,7246,144,9749,28999000,11782.7
,121462,474,3069,53.37,107.2895727,109.554285,2.07,6931,194,9995,29017000,11790.3
,121469,473,3072,54.55,107.2895727,109.554285,2.07,6981,210,9848,29034000,11796.0
,121477,473,3076,55.57,107.2895727,109.554285,2.07,6992,210,9950,29050000,11801.7
,121500,474,3086,57.04,107.2895727,109.554285,2.07,7004,210,9777,29063000,11807.1
,121529,473,3103,57.17,107.2895727,109.554285,2.07,6988,158,9885,29073000,11812.2
,121552,472,3114,57.61,107.2895727,109.554285,2.07,7059,207,9807,29087000,11817.3
,121590,480,3128,58.0,107.2895727,109.554285,2.07,6832,156,9723,29099000,11823.4
,121610,480,3137,58.26,107.2895727,109.554285,2.07,6843,156,9915,29114000,11828.6
,121636,480,3151,58.29,107.2895727,109.554285,2.07,6859,156,9465,29126000,11833.7
,121656,480,3159,58.76,107.2895727,109.554285,2.07,6882,141,9605,29139000,11838.9
,121698,480,3181,59.22,107.2895727,109.554285,2.07,6894,141,9665,29154000,11844.3
,121764,490,3203,59.3,107.2895727,109.554285,2.07,6755,185,9846,29165000,11849.4
,121866,506,3246,59.39,107.2895727,109.554285,2.07,6837,213,9852,29173000,11854.4
,121926,506,3277,59.93,107.2895727,109.554285,2.07,6857,213,9489,29183000,11859.5
,121967,515,3287,59.93,107.2895727,109.554285,2.07,7114,240,9576,29196000,11864.8
,122060,531,3329,59.97,107.2895727,109.554285,2.07,6936,102,9929,29203000,11870.3
,122100,531,3346,60.03,107.2895727,109.554285,2.07,6344,115,9819,29222000,11878.5
,122146,535,3363,60.19,107.2895727,109.554285,2.07,6352,115,9617,29236000,11883.7
,122163,538,3371,60.28,107.2895727,109.554285,2.07,6360,115,9691,29252000,11888.8
,122177,538,3376,60.28,107.2895727,109.554285,2.07,6383,115,9878,29269000,11894.4
,122188,540,3381,60.28,107.2895727,109.554285,2.07,6402,115,9973,29283000,11899.5
,122207,543,3388,60.31,107.2895727,109.554285,2.07,5802,208,9989,29296000,11905.0
,122259,545,3414,60.6,107.2895727,109.554285,2.07,5819,208,9853,29306000,11910.1
,122303,554,3432,61.81,107.2895727,109.554285,2.07,5704,158,9344,29319000,11916.4
,122318,550,3441,62.38,107.2895727,109.554285,2.07,4903,125,9436,29330000,11921.5
,122376,553,3468,62.59,107.2895727,109.554285,2.07,4925,125,9563,29340000,11926.7
,122396,551,3480,63.33,107.2895727,109.554285,2.07,5106,178,9671,29351000,11932.1
,122413,550,3488,63.44,107.2895727,109.554285,2.07,5266,123,9825,29365000,11937.6
,122436,550,3498,63.51,107.2895727,109.554285,2.07,5371,157,9922,29393000,11946.2
,122439,550,3500,63.51,107.2895727,109.554285,2.07,5374,157,9965,29409000,11952.0
,122454,551,3506,63.51,107.2895727,109.554285,2.07,5378,157,9948,29428000,11958.0
,122485,553,3522,63.51,107.2895727,109.554285,2.07,5391,157,9883,29444000,11963.8
,122508,555,3532,63.51,107.2895727,109.554285,2.07,5401,157,9940,29466000,11972.0
,122553,559,3553,63.61,107.2895727,109.554285,2.07,5450,171,9912,29476000,11977.0
,122633,568,3586,63.67,107.2895727,109.554285,2.07,4992,177,9521,29491000,11983.8
,122671,570,3604,64.01,107.2895727,109.554285,2.07,5146,87,9899,29497000,11988.8
,122699,570,3615,64.03,107.2895727,109.554285,2.07,6051,162,9187,29507000,11994.2
,122742,573,3634,64.08,107.2895727,109.554285,2.07,6075,162,9437,29518000,11999.3
,122788,580,3653,64.18,107.2895727,109.554285,2.07,6102,184,9797,29532000,12005.5
,122841,581,3676,64.2,107.2895727,109.554285,2.07,6123,184,9587,29544000,12010.5
,122895,587,3699,64.22,107.2895727,109.554285,2.07,6193,191,9747,29556000,12015.6
,122960,587,3730,64.25,107.2895727,109.554285,2.07,6223,191,9936,29565000,12020.7
,123001,588,3747,64.3,107.2895727,109.554285,2.07,6337,133,9644,29579000,12026.7
,123047,590,3768,64.41,107.2895727,109.554285,2.07,6354,133,9939,29590000,12031.7
,123085,593,3782,64.57,107.2895727,109.554285,2.07,6367,133,9843,29606000,12037.2
,123130,592,3804,65.09,107.2895727,109.554285,2.07,6625,162,9729,29617000,12042.3
,123164,593,3818,65.2,107.2895727,109.554285,2.07,6636,162,9886,29631000,12047.3
,123199,594,3834,65.26,107.2895727,109.554285,2.07,6649,162,9714,29645000,12052.9
,123219,598,3843,65.28,107.2895727,109.554285,2.07,6658,147,9895,29661000,12058.4
,123279,598,3870,65.3,107.2895727,109.554285,2.07,6676,147,9838,29672000,12063.5
,123322,600,3890,66.14,107.2895727,109.554285,2.07,6625,141,9524,29690000,12070.7
,123342,600,3899,66.79,107.2895727,109.554285,2.07,6632,141,9823,29707000,12076.2
,123383,602,3919,66.92,107.2895727,109.554285,2.07,6639,151,9792,29720000,12081.5
,123418,601,3935,66.93,107.2895727,109.554285,2.07,6651,213,9572,29730000,12088.1
,123458,600,3953,67.21,107.2895727,109.554285,2.07,6030,179,9487,29741000,12093.4
,123514,604,3977,67.44,107.2895727,109.554285,2.07,6047,179,9646,29754000,12098.4
,123572,618,3995,67.62,107.2895727,109.554285,2.07,6008,189,9847,29766000,12103.5
,123691,631,4037,68.86,107.2895727,109.554285,2.07,6277,102,9947,29775000,12108.5
,123885,669,4105,68.86,107.2895727,109.554285,2.07,6631,137,9901,29782000,12113.6
,123940,670,4130,68.86,107.2895727,109.554285,2.07,5928,126,9905,29792000,12118.6
,124035,676,4171,68.88,107.2895727,109.554285,2.07,5836,46,9731,29800000,12123.7
,124114,675,4205,69.25,107.2895727,109.554285,2.07,5812,84,9822,29809000,12128.8
,124172,679,4231,69.55,107.2895727,109.554285,2.07,5828,84,9916,29824000,12134.3
,124309,711,4280,69.55,107.2895727,109.554285,2.07,5847,102,9890,29833000,12139.3
,124490,729,4353,69.55,107.2895727,109.554285,2.07,5907,61,9776,29840000,12144.3
,124670,748,4434,69.55,107.2895727,109.554285,2.07,5870,92,9971,29845000,12149.4
,124731,753,4457,69.67,107.2895727,109.554285,2.07,5617,91,9843,29857000,12154.7
,124781,757,4479,69.72,107.2895727,109.554285,2.07,5639,91,9630,29869000,12160.0
,124857,763,4513,69.73,107.2895727,109.554285,2.07,5685,104,9969,29882000,12165.4
,124902,769,4532,69.73,107.2895727,109.554285,2.07,5753,113,9594,29895000,12170.7
,124954,771,4558,69.73,107.2895727,109.554285,2.07,5778,113,9749,29905000,12175.7
,124992,777,4575,69.74,107.2895727,109.554285,2.07,5600,89,9803,29921000,12182.5
,125058,779,4603,69.74,107.2895727,109.554285,2.07,5614,89,9987,29934000,12187.5
,125115,789,4627,69.74,107.2895727,109.554285,2.07,5554,186,9673,29945000,12192.7
,125171,795,4653,69.75,107.2895727,109.554285,2.07,5579,186,9861,29952000,12197.8
,125223,803,4673,69.75,107.2895727,109.554285,2.07,5518,200,9980,29960000,12202.9
,125270,811,4693,69.75,107.2895727,109.554285,2.07,5539,200,9709,29969000,12208.0
,125304,819,4707,69.75,107.2895727,109.554285,2.07,5161,146,9950,29981000,12213.0
,125332,817,4720,69.76,107.2895727,109.554285,2.07,4595,160,9883,29994000,12218.1
,125372,822,4734,70.0,107.2895727,109.554285,2.07,4797,212,9765,30009000,12224.1
,125401,818,4751,70.01,107.2895727,109.554285,2.07,4659,111,10005,30021000,12229.6
,125414,814,4755,70.01,107.2895727,109.554285,2.07,4950,164,9756,30036000,12235.0
,125462,816,4776,70.01,107.2895727,109.554285,2.07,4966,164,9528,30047000,12240.1
,125511,824,4798,70.02,107.2895727,109.554285,2.07,4982,164,9822,30060000,12245.9
,125520,819,4803,70.04,107.2895727,109.554285,2.07,4820,146,9905,30072000,12251.3
,125616,845,4840,70.06,107.2895727,109.554285,2.07,4857,146,9799,30081000,12256.4
,125675,844,4867,70.06,107.2895727,109.554285,2.07,4952,177,9671,30090000,12261.5
,125746,848,4902,70.06,107.2895727,109.554285,2.07,4982,201,9929,30100000,12266.6
,125799,848,4929,70.06,107.2895727,109.554285,2.07,4944,114,9908,30108000,12271.8
,125835,849,4945,70.08,107.2895727,109.554285,2.07,4933,124,9842,30121000,12276.9
,125881,850,4967,70.08,107.2895727,109.554285,2.07,4958,124,9980,30134000,12282.0
,125934,867,4987,71.25,107.2895727,109.554285,2.07,5064,155,9787,30145000,12287.1
,125978,860,5013,71.64,107.2895727,109.554285,2.07,5247,97,9875,30153000,12292.1
,125995,858,5022,71.67,107.2895727,109.554285,2.07,5058,190,9990,30164000,12297.3
,126059,851,5058,71.69,107.2895727,109.554285,2.07,5074,190,9835,30170000,12302.3
,126095,853,5071,72.04,107.2895727,109.554285,2.07,5116,217,9945,30183000,12307.4
,126164,860,5106,72.07,107.2895727,109.554285,2.07,5167,232,9983,30193000,12312.6
,126215,859,5131,72.09,107.2895727,109.554285,2.07,5131,101,9858,30201000,12317.7
,126268,863,5156,72.09,107.2895727,109.554285,2.07,5347,155,9623,30212000,12323.5
,126323,863,5182,72.09,107.2895727,109.554285,2.07,5372,155,9933,30225000,12328.7
,126378,870,5206,72.09,107.2895727,109.554285,2.07,5135,84,9558,30235000,12333.7
,126439,870,5235,72.09,107.2895727,109.554285,2.07,5169,84,9828,30248000,12338.8
,126472,870,5253,72.6,107.2895727,109.554285,2.07,5417,128,9995,30259000,12343.8
,126497,866,5268,72.68,107.2895727,109.554285,2.07,5164,178,9684,30270000,12349.0
,126515,862,5279,72.76,107.2895727,109.554285,2.07,4945,136,9907,30282000,12354.1
,126567,861,5302,72.78,107.2895727,109.554285,2.07,5200,209,9768,30293000,12359.2
,126600,862,5318,72.78,107.2895727,109.554285,2.07,5215,209,9172,30307000,12364.7
,126657,862,5345,72.78,107.2895727,109.554285,2.07,5196,220,9593,30317000,12369.7
,126690,855,5365,72.83,107.2895727,109.554285,2.07,5459,153,9784,30327000,12376.3
,126789,863,5405,72.86,107.2895727,109.554285,2.07,5975,65,9821,30333000,12381.6
,126844,862,5430,72.87,107.2895727,109.554285,2.07,6367,90,9955,30342000,12386.7
,126874,859,5445,72.95,107.2895727,109.554285,2.07,5787,157,9401,30354000,12391.8
,126960,863,5484,72.96,107.2895727,109.554285,2.07,5951,65,9611,30362000,12396.8
,127037,876,5515,72.96,107.2895727,109.554285,2.07,6071,75,9856,30370000,12402.0
,127123,882,5555,72.96,107.2895727,109.554285,2.07,5962,57,9867,30380000,12407.4
,127145,880,5566,72.97,107.2895727,109.554285,2.07,5904,161,9991,30392000,12413.3
,127189,883,5584,73.11,107.2895727,109.554285,2.07,5921,161,9745,30405000,12418.8
,127256,890,5613,73.12,107.2895727,109.554285,2.07,5554,91,9929,30414000,12423.9
,127289,887,5633,73.12,107.2895727,109.554285,2.07,4999,105,9897,30421000,12428.9
,127339,887,5654,73.12,107.2895727,109.554285,2.07,5470,139,9978,30432000,12434.5
,127372,887,5666,73.12,107.2895727,109.554285,2.07,5699,140,9981,30446000,12439.9
,127442,894,5697,73.12,107.2895727,109.554285,2.07,5725,140,9660,30454000,12445.0
,127562,897,5744,73.12,107.2895727,109.554285,2.07,5892,135,9941,30462000,12450.1
,127747,931,5818,73.12,107.2895727,109.554285,2.07,6224,145,9924,30467000,12455.2
,127819,936,5853,73.14,107.2895727,109.554285,2.07,6270,91,9929,30478000,12460.3
,127889,937,5882,73.15,107.2895727,109.554285,2.07,6323,124,9825,30490000,12465.5
,128091,981,5964,73.15,107.2895727,109.554285,2.07,6344,59,9985,30495000,12470.7
,128156,979,5998,73.15,107.2895727,109.554285,2.07,6617,135,9277,30506000,12476.1
,128198,984,6016,73.16,107.2895727,109.554285,2.07,6624,135,9604,30518000,12481.5
,128212,984,6023,73.16,107.2895727,109.554285,2.07,6628,135,9643,30538000,12487.1
,128228,984,6030,73.16,107.2895727,109.554285,2.07,6387,183,9770,30552000,12492.2
,128255,983,6045,73.16,107.2895727,109.554285,2.07,6286,79,9963,30564000,12497.3
,128283,979,6057,73.16,107.2895727,109.554285,2.07,5807,104,9945,30580000,12502.7
,128336,984,6083,73.16,107.2895727,109.554285,2.07,5830,104,9640,30591000,12508.2
,128388,991,6106,73.16,107.2895727,109.554285,2.07,5540,121,9904,30602000,12513.4
,128400,984,6115,74.34,107.2895727,109.554285,2.07,5515,147,9819,30614000,12518.7
,128420,974,6128,74.73,107.2895727,109.554285,2.07,5524,133,9970,30630000,12526.3
,128475,975,6154,74.74,107.2895727,109.554285,2.07,5550,133,9758,30642000,12531.5
,128531,979,6179,74.75,107.2895727,109.554285,2.07,5576,145,9580,30652000,12536.5
,128567,978,6199,74.75,107.2895727,109.554285,2.07,4816,78,9666,30663000,12542.1
,128690,991,6254,74.75,107.2895727,109.554285,2.07,4494,79,9982,30670000,12547.3
,128735,987,6276,74.76,107.2895727,109.554285,2.07,4490,135,9580,30683000,12552.5
,128774,978,6299,74.77,107.2895727,109.554285,2.07,4574,72,9746,30697000,12557.6
,128857,978,6337,74.78,107.2895727,109.554285,2.07,5017,133,9802,30715000,12566.3
,128881,979,6348,74.79,107.2895727,109.554285,2.07,5026,133,9878,30726000,12571.5
,128929,980,6370,74.8,107.2895727,109.554285,2.07,5050,133,9674,30736000,12576.5
,128976,980,6393,74.8,107.2895727,109.554285,2.07,5477,121,9943,30744000,12581.6
,129040,988,6415,74.84,107.2895727,109.554285,2.07,5683,165,9798,30754000,12586.7
,129084,985,6427,74.85,107.2895727,109.554285,2.07,6114,195,9969,30766000,12591.7
,129243,1013,6498,74.87,107.2895727,109.554285,2.07,6142,203,9941,30772000,12596.8
,129376,1019,6553,74.87,107.2895727,109.554285,2.07,6458,94,9989,30776000,12601.8
,129387,1018,6555,74.87,107.2895727,109.554285,2.07,6216,138,9900,30814000,12617.5
,129425,1019,6573,74.88,107.2895727,109.554285,2.07,6234,138,9762,30828000,12623.4
,129465,1025,6589,74.88,107.2895727,109.554285,2.07,6261,152,9976,30840000,12628.4
,129613,1031,6655,74.88,107.2895727,109.554285,2.07,6217,109,9918,30844000,12633.5
,129674,1026,6686,74.9,107.2895727,109.554285,2.07,5653,130,9872,30853000,12638.6
,129864,1053,6763,74.9,107.2895727,109.554285,2.07,5281,123,9681,30861000,12645.4
,129918,1048,6789,74.9,107.2895727,109.554285,2.07,4740,67,9594,30870000,12650.9
,130018,1060,6833,75.0,107.2895727,109.554285,2.07,4588,131,9790,30879000,12656.0
,130074,1063,6857,75.16,107.2895727,109.554285,2.07,4601,131,9999,30891000,12661.0
,130119,1064,6878,75.21,107.2895727,109.554285,2.07,4666,176,9660,30902000,12666.3
,130154,1061,6897,75.24,107.2895727,109.554285,2.07,4406,152,9957,30913000,12672.6
,130198,1057,6916,75.33,107.2895727,109.554285,2.07,4921,191,9167,30924000,12677.8
,130270,1063,6948,75.33,107.2895727,109.554285,2.07,5047,96,9402,30942000,12686.8
,130315,1061,6970,75.34,107.2895727,109.554285,2.07,4727,118,9652,30955000,12692.1
,130467,1068,7042,75.34,107.2895727,109.554285,2.07,4777,42,9844,30962000,12697.1
,130575,1088,7083,75.35,107.2895727,109.554285,2.07,4948,159,9940,30973000,12702.7
,130657,1082,7123,75.36,107.2895727,109.554285,2.07,5497,63,9645,30982000,12707.8
,130707,1084,7146,75.45,107.2895727,109.554285,2.07,5758,183,9902,30990000,12713.1
,130826,1095,7197,75.55,107.2895727,109.554285,2.07,5929,92,9803,30998000,12718.2
,130885,1090,7227,75.58,107.2895727,109.554285,2.07,6075,172,9878,31008000,12724.6
,130930,1090,7248,75.64,107.2895727,109.554285,2.07,6100,172,9593,31017000,12729.8
,130962,1087,7265,75.65,107.2895727,109.554285,2.07,6248,124,9935,31025000,12734.9
,131073,1103,7304,75.65,107.2895727,109.554285,2.07,5808,94,9889,31033000,12739.9
,131135,1107,7330,75.65,107.2895727,109.554285,2.07,5959,109,9798,31076000,12764.6
,131236,1125,7372,75.65,107.2895727,109.554285,2.07,6021,119,9881,31086000,12770.1
,131304,1124,7403,75.69,107.2895727,109.554285,2.07,6432,202,9812,31094000,12775.2
,131408,1124,7440,75.69,107.2895727,109.554285,2.07,6388,123,9854,31105000,12781.3
,131488,1129,7479,75.71,107.2895727,109.554285,2.07,6424,123,9914,31112000,12786.4
,131522,1131,7495,75.71,107.2895727,109.554285,2.07,6876,117,9926,31123000,12791.5
,131673,1146,7557,75.71,107.2895727,109.554285,2.07,6702,117,9977,31134000,12797.6
,131770,1155,7589,75.71,107.2895727,109.554285,2.07,6728,117,9935,31144000,12802.6
,131962,1180,7671,75.71,107.2895727,109.554285,2.07,6844,52,9968,31150000,12807.6
,132083,1183,7727,75.71,107.2895727,109.554285,2.07,6407,163,9955,31161000,12815.0
,132124,1186,7746,75.71,107.2895727,109.554285,2.07,6430,163,9995,31172000,12820.2
,132158,1190,7761,75.72,107.2895727,109.554285,2.07,6447,163,9719,31184000,12825.3
,132201,1185,7784,75.72,107.2895727,109.554285,2.07,6350,129,9844,31200000,12832.0
,132228,1175,7800,75.91,107.2895727,109.554285,2.07,5824,165,9940,31212000,12837.5
,132386,1186,7874,75.91,107.2895727,109.554285,2.07,5851,54,9751,31220000,12842.5
,132440,1181,7902,75.91,107.2895727,109.554285,2.07,5416,172,9892,31240000,12851.4
,132485,1183,7919,75.92,107.2895727,109.554285,2.07,5432,172,9678,31248000,12856.5
,132548,1193,7940,75.92,107.2895727,109.554285,2.07,5930,154,9918,31258000,12861.8
,132629,1209,7971,75.92,107.2895727,109.554285,2.07,5635,180,9817,31311000,12881.8
,132752,1224,8022,75.92,107.2895727,109.554285,2.07,5585,106,9902,31318000,12886.8
,132995,1261,8105,75.92,107.2895727,109.554285,2.07,5607,119,9932,31322000,12891.8
,133211,1292,8189,75.92,107.2895727,109.554285,2.07,5176,62,9929,31325000,12896.8
,133266,1292,8214,75.92,107.2895727,109.554285,2.07,5176,104,9949,31337000,12902.5
,133311,1295,8237,75.92,107.2895727,109.554285,2.07,5249,118,9785,31349000,12907.7
,133354,1288,8259,75.92,107.2895727,109.554285,2.07,5658,143,9938,31361000,12912.9
,133395,1291,8278,75.92,107.2895727,109.554285,2.07,5677,143,9941,31374000,12918.1
,133470,1294,8312,75.92,107.2895727,109.554285,2.07,5667,45,9851,31384000,12923.5
,133568,1308,8354,75.97,107.2895727,109.554285,2.07,5722,185,9795,31393000,12929.6
,133647,1311,8392,76.17,107.2895727,109.554285,2.07,6111,116,9876,31402000,12934.8
,133775,1318,8448,76.27,107.2895727,109.554285,2.07,5773,138,9994,31412000,12939.9
,133836,1322,8474,76.27,107.2895727,109.554285,2.07,6126,99,9873,31422000,12945.0
,133910,1324,8507,76.27,107.2895727,109.554285,2.07,6032,96,9708,31432000,12950.1
,134016,1333,8552,76.29,107.2895727,109.554285,2.07,5704,109,9910,31441000,12955.2
,134068,1330,8579,76.46,107.2895727,109.554285,2.07,5680,120,9606,31452000,12960.4
,134217,1342,8643,76.49,107.2895727,109.554285,2.07,5448,43,9936,31459000,12965.5
,134426,1364,8735,76.49,107.2895727,109.554285,2.07,5791,79,9913,31465000,12970.5
,134515,1382,8766,76.51,107.2895727,109.554285,2.07,6320,57,9733,31472000,12975.6
,134672,1401,8833,76.51,107.2895727,109.554285,2.07,6130,88,9868,31477000,12980.7
,134723,1410,8855,76.51,107.2895727,109.554285,2.07,6062,135,9941,31497000,12990.0
,134756,1414,8865,76.51,107.2895727,109.554285,2.07,6080,135,9671,31514000,12995.6
,134810,1420,8888,76.51,107.2895727,109.554285,2.07,6102,135,9859,31527000,13000.6
,134868,1425,8917,76.51,107.2895727,109.554285,2.07,6061,141,9990,31533000,13005.9
,134880,1424,8920,76.51,107.2895727,109.554285,2.07,6080,112,9900,31548000,13011.3
,134922,1428,8939,76.51,107.2895727,109.554285,2.07,6098,112,9948,31561000,13016.3
,134964,1428,8952,76.51,107.2895727,109.554285,2.07,6112,112,9735,31572000,13021.4
,134997,1447,8964,76.51,107.2895727,109.554285,2.07,6014,147,9813,31582000,13026.5
,135094,1457,9006,76.51,107.2895727,109.554285,2.07,6019,158,9891,31591000,13031.6
,135181,1463,9046,76.51,107.2895727,109.554285,2.07,6010,55,9803,31600000,13036.7
,135237,1463,9075,76.51,107.2895727,109.554285,2.07,5967,65,9999,31612000,13041.8
,135293,1461,9103,76.51,107.2895727,109.554285,2.07,5769,98,9973,31622000,13046.8
,135334,1462,9122,76.51,107.2895727,109.554285,2.07,5664,99,9968,31634000,13051.8
,135382,1464,9145,76.51,107.2895727,109.554285,2.07,5687,99,9637,31646000,13057.7
,135411,1468,9157,76.51,107.2895727,109.554285,2.07,5767,124,9875,31659000,13063.1
,135440,1466,9174,76.51,107.2895727,109.554285,2.07,5916,155,9796,31671000,13068.2
,135506,1467,9199,76.51,107.2895727,109.554285,2.07,5882,114,9925,31685000,13073.5
,135595,1476,9240,76.51,107.2895727,109.554285,2.07,5712,125,9999,31693000,13079.1
,135622,1474,9253,76.51,107.2895727,109.554285,2.07,5136,185,9736,31729000,13093.4
,135640,1474,9262,76.51,107.2895727,109.554285,2.07,5154,185,9924,31741000,13098.5
,135655,1476,9268,76.51,107.2895727,109.554285,2.07,5161,185,9979,31757000,13103.8
,135683,1475,9281,76.51,107.2895727,109.554285,2.07,4691,111,9860,31771000,13109.4
,135870,1496,9359,76.51,107.2895727,109.554285,2.07,4715,129,9938,31777000,13114.4
,135919,1498,9381,76.51,107.2895727,109.554285,2.07,4707,67,9822,31787000,13119.6
,135945,1500,9392,76.51,107.2895727,109.554285,2.07,4728,67,9886,31800000,13124.6
,135968,1501,9402,76.52,107.2895727,109.554285,2.07,4807,113,9789,31833000,13135.3
,135990,1502,9413,76.52,107.2895727,109.554285,2.07,4824,113,9873,31847000,13140.5
,136032,1497,9435,76.52,107.2895727,109.554285,2.07,4780,124,9770,31857000,13145.7
,136134,1512,9478,76.52,107.2895727,109.554285,2.07,4874,150,9941,31865000,13150.7
,136205,1521,9507,76.52,107.2895727,109.554285,2.07,4869,169,9872,31874000,13155.8
,136309,1546,9544,76.52,107.2895727,109.554285,2.07,4903,53,9897,31883000,13161.0
,136386,1543,9584,76.52,107.2895727,109.554285,2.07,4993,87,9780,31888000,13166.1
,136502,1557,9632,76.52,107.2895727,109.554285,2.07,4835,116,9955,31899000,13172.5
,136575,1565,9665,76.52,107.2895727,109.554285,2.07,4861,116,9773,31910000,13177.5
,136615,1569,9686,76.52,107.2895727,109.554285,2.07,4888,99,9975,31918000,13182.6
,136694,1570,9718,76.52,107.2895727,109.554285,2.07,4765,122,9659,31928000,13187.7
,136784,1574,9757,76.52,107.2895727,109.554285,2.07,5165,145,10000,31938000,13194.2
,136823,1573,9775,76.52,107.2895727,109.554285,2.07,5112,81,9806,31945000,13199.3
,136994,1596,9842,76.52,107.2895727,109.554285,2.07,4818,113,9890,31952000,13204.4
,137074,1606,9873,76.52,107.2895727,109.554285,2.07,5088,139,9766,31960000,13209.5
,137216,1613,9935,76.52,107.2895727,109.554285,2.07,5172,80,9803,31965000,13214.5
,137322,1615,9984,76.52,107.2895727,109.554285,2.07,5372,129,9833,31973000,13219.5
,137421,1636,10023,76.52,107.2895727,109.554285,2.07,5458,37,9926,31980000,13224.6
,137479,1636,10052,76.52,107.2895727,109.554285,2.07,5087,162,9421,31989000,13230.8
,137586,1638,10100,76.53,107.2895727,109.554285,2.07,5071,100,9917,31998000,13235.8
,137617,1638,10114,76.53,107.2895727,109.554285,2.07,4998,127,9967,32006000,13241.3
,137758,1644,10181,76.53,107.2895727,109.554285,2.07,5252,63,9789,32010000,13246.4
,137897,1643,10245,76.53,107.2895727,109.554285,2.07,4918,135,9955,32019000,13252.4
,138016,1644,10298,76.54,107.2895727,109.554285,2.07,5117,100,9897,32025000,13257.5
,138118,1661,10340,76.54,107.2895727,109.554285,2.07,5252,93,9680,32037000,13263.6
,138176,1662,10364,76.54,107.2895727,109.554285,2.07,5280,93,9949,32049000,13268.6
,138198,1662,10373,76.54,107.2895727,109.554285,2.07,5307,93,9996,32062000,13273.7
,138308,1670,10426,76.54,107.2895727,109.554285,2.07,5174,60,9767,32070000,13278.9
,138407,1672,10473,76.56,107.2895727,109.554285,2.07,5146,98,10000,32079000,13283.9
,138528,1676,10519,76.56,107.2895727,109.554285,2.07,5413,105,9931,32089000,13289.6
,138594,1677,10549,76.56,107.2895727,109.554285,2.07,5453,105,9777,32099000,13295.0
,138661,1687,10581,76.56,107.2895727,109.554285,2.07,5667,80,9857,32108000,13300.1
,138709,1685,10603,76.57,107.2895727,109.554285,2.07,6223,131,9695,32120000,13306.1
,138838,1696,10657,76.58,107.2895727,109.554285,2.07,6339,100,9937,32127000,13311.1
,138870,1693,10671,76.58,107.2895727,109.554285,2.07,6216,105,9850,32136000,13316.2
,138965,1711,10711,76.58,107.2895727,109.554285,2.07,6147,121,9971,32144000,13321.3
,139084,1715,10768,76.58,107.2895727,109.554285,2.07,6024,53,9748,32152000,13326.5
,139168,1717,10804,76.58,107.2895727,109.554285,2.07,6178,130,9947,32162000,13331.8
,139226,1720,10828,76.58,107.2895727,109.554285,2.07,6198,130,9981,32173000,13337.2
,139283,1733,10851,76.58,107.2895727,109.554285,2.07,5932,177,9967,32181000,13342.3
,139404,1746,10899,76.58,107.2895727,109.554285,2.07,6048,65,9913,32188000,13347.3
,139544,1762,10960,76.58,107.2895727,109.554285,2.07,5784,116,9886,32197000,13353.8
,139701,1777,11022,76.58,107.2895727,109.554285,2.07,5423,74,9937,32201000,13359.1
,139780,1775,11059,76.58,107.2895727,109.554285,2.07,5662,92,9841,32209000,13364.2
,139863,1793,11093,76.58,107.2895727,109.554285,2.07,5868,104,9719,32220000,13369.6
,139945,1802,11128,76.58,107.2895727,109.554285,2.07,5884,46,9775,32228000,13374.8
,140087,1814,11191,76.58,107.2895727,109.554285,2.07,6394,123,9937,32234000,13379.8
,140279,1850,11269,76.58,107.2895727,109.554285,2.07,6233,55,9867,32240000,13384.9
,140312,0,0,0.0,107.2895727,109.554285,2.07,55,0,0,32242000,13386.3
,140312,0,0,0.0,107.2895727,109.554285,2.07,55,17,1,32244000,13387.0
,140334,2,6,0.39,107.2895727,109.554285,2.07,2058,40,84,32249000,13392.1
,140419,15,42,1.0,107.2895727,109.554285,2.07,3015,93,523,32261000,13398.5
,140510,19,82,1.33,107.2895727,109.554285,2.07,3061,93,1133,32270000,13403.6
,140599,35,123,1.88,107.2895727,109.554285,2.07,3215,114,1776,32278000,13408.6
,140654,43,142,2.91,107.2895727,109.554285,2.07,3306,147,2048,32290000,13413.7
,140718,54,170,3.12,107.2895727,109.554285,2.07,3428,166,2377,32303000,13419.5
,140761,55,192,3.84,107.2895727,109.554285,2.07,3450,166,2750,32315000,13424.5
,140817,68,213,3.94,107.2895727,109.554285,2.07,3684,70,2948,32329000,13430.2
,140861,70,234,4.2,107.2895727,109.554285,2.07,3712,70,3415,32341000,13435.3
,140918,82,257,4.64,107.2895727,109.554285,2.07,3789,84,3594,32355000,13441.0
,141017,96,298,5.08,107.2895727,109.554285,2.07,4144,113,3907,32366000,13447.5
,141086,98,331,6.37,107.2895727,109.554285,2.07,4222,126,4253,32376000,13452.6
,141180,101,376,7.86,107.2895727,109.554285,2.07,4390,73,4839,32385000,13457.7
,141259,100,412,7.99,107.2895727,109.554285,2.07,4565,114,5401,32394000,13462.7
,141371,116,459,8.54,107.2895727,109.554285,2.07,4502,128,5856,32406000,13469.0
,141391,120,469,10.86,107.2895727,109.554285,2.07,4512,128,5969,32432000,13477.3
,141434,126,487,14.72,107.2895727,109.554285,2.07,4533,128,6338,32445000,13482.5
,141451,134,490,14.88,107.2895727,109.554285,2.07,4349,60,6447,32460000,13488.0
,141523,137,525,15.14,107.2895727,109.554285,2.07,4389,60,6915,32472000,13493.3
,141558,142,540,15.62,107.2895727,109.554285,2.07,4407,86,7140,32486000,13498.5
,141596,144,558,15.68,107.2895727,109.554285,2.07,4423,86,7344,32499000,13503.5
,141635,142,577,15.84,107.2895727,109.554285,2.07,5343,104,7659,32513000,13510.2
,141652,140,584,16.38,107.2895727,109.554285,2.07,6208,130,7794,32523000,13515.3
,141718,146,613,18.69,107.2895727,109.554285,2.07,6241,130,8217,32531000,13520.3
,141758,153,632,19.11,107.2895727,109.554285,2.07,6268,127,8490,32542000,13525.9
,141811,158,654,19.18,107.2895727,109.554285,2.07,6341,116,8896,32554000,13532.4
,141855,159,675,19.38,107.2895727,109.554285,2.07,6384,116,9909,32563000,13537.4
,141906,166,699,19.65,107.2895727,109.554285,2.07,6415,116,9219,32572000,13542.6
,141959,171,722,19.65,107.2895727,109.554285,2.07,6436,124,9506,32581000,13547.6
,142030,173,744,19.7,107.2895727,109.554285,2.07,6265,84,9714,32591000,13552.7
,142173,207,806,19.8,107.2895727,109.554285,2.07,6410,103,9985,32599000,13557.7
,142289,219,858,19.8,107.2895727,109.554285,2.07,6408,124,9015,32608000,13562.8
,142400,221,911,19.8,107.2895727,109.554285,2.07,6261,68,9296,32618000,13567.8
,142490,223,957,19.8,107.2895727,109.554285,2.07,6062,80,9616,32629000,13572.8
,142618,226,1016,19.81,107.2895727,109.554285,2.07,5461,49,9863,32638000,13577.9
,142680,230,1039,19.81,107.2895727,109.554285,2.07,5225,104,8791,32658000,13584.9
,142722,235,1057,19.83,107.2895727,109.554285,2.07,5246,104,9023,32672000,13590.3
,142766,251,1077,19.83,107.2895727,109.554285,2.07,5265,104,9316,32685000,13595.8
,142829,250,1106,19.83,107.2895727,109.554285,2.07,5396,131,9721,32694000,13601.0
,143005,268,1185,19.83,107.2895727,109.554285,2.07,5114,36,9630,32698000,13606.1
,143104,273,1230,20.03,107.2895727,109.554285,2.07,5145,81,9014,32708000,13611.3
,143126,273,1241,20.13,107.2895727,109.554285,2.07,5175,81,9557,32720000,13616.5
,143164,273,1258,20.41,107.2895727,109.554285,2.07,5189,81,8957,32736000,13621.5
,143202,282,1273,20.63,107.2895727,109.554285,2.07,5114,107,9174,32752000,13626.9
,143250,285,1292,21.64,107.2895727,109.554285,2.07,4943,119,9451,32767000,13632.9
,143280,286,1304,21.71,107.2895727,109.554285,2.07,4975,119,9936,32782000,13638.5
,143313,288,1321,21.71,107.2895727,109.554285,2.07,5014,119,9868,32795000,13644.2
,143338,288,1333,21.71,107.2895727,109.554285,2.07,5051,119,9999,32811000,13650.5
,143366,294,1346,21.74,107.2895727,109.554285,2.07,5415,77,8657,32823000,13656.3
,143408,295,1363,21.74,107.2895727,109.554285,2.07,5441,77,9056,32837000,13661.4
,143427,298,1372,21.75,107.2895727,109.554285,2.07,5449,77,9210,32870000,13675.2
,143486,302,1398,22.01,107.2895727,109.554285,2.07,5342,95,9727,32880000,13680.2
,143551,308,1428,22.02,107.2895727,109.554285,2.07,5668,71,9627,32889000,13685.7
,143615,311,1454,22.49,107.2895727,109.554285,2.07,5622,82,9946,32900000,13691.0
,143656,315,1472,22.81,107.2895727,109.554285,2.07,5748,123,9847,32911000,13696.2
,143687,316,1487,22.99,107.2895727,109.554285,2.07,5778,123,9874,32923000,13701.3
,143736,318,1508,23.06,107.2895727,109.554285,2.07,5814,123,9820,32936000,13706.5
,143783,327,1529,23.15,107.2895727,109.554285,2.07,5967,88,9953,32949000,13711.6
,143802,328,1539,23.18,107.2895727,109.554285,2.07,6004,88,9921,32962000,13716.6
,143853,333,1562,23.21,107.2895727,109.554285,2.07,6030,88,9688,32976000,13721.8
,143881,333,1574,23.33,107.2895727,109.554285,2.07,6016,100,9828,32990000,13726.9
,143916,335,1590,23.34,107.2895727,109.554285,2.07,6033,100,9841,33002000,13732.1
,143964,338,1613,23.74,107.2895727,109.554285,2.07,6597,120,9950,33015000,13737.2
,144000,338,1630,24.3,107.2895727,109.554285,2.07,6615,120,9490,33031000,13742.4
,144041,341,1649,24.32,107.2895727,109.554285,2.07,6639,120,9774,33048000,13747.8
,144101,348,1673,24.67,107.2895727,109.554285,2.07,7363,134,8807,33060000,13752.8
,144161,356,1704,24.67,107.2895727,109.554285,2.07,7596,72,8931,33074000,13758.7
,144189,357,1717,24.67,107.2895727,109.554285,2.07,7610,72,8968,33089000,13763.9
,144247,360,1744,24.67,107.2895727,109.554285,2.07,7744,77,9318,33100000,13769.5
,144267,360,1754,24.67,107.2895727,109.554285,2.07,7758,77,9396,33117000,13775.0
,144287,360,1764,24.67,107.2895727,109.554285,2.07,7772,77,9498,33133000,13780.5
,144321,360,1781,24.67,107.2895727,109.554285,2.07,7793,77,9614,33149000,13785.9
,144348,363,1793,24.67,107.2895727,109.554285,2.07,8052,80,9848,33161000,13791.1
,144368,362,1804,24.67,107.2895727,109.554285,2.07,8510,89,9896,33176000,13796.8
,144403,361,1820,25.16,107.2895727,109.554285,2.07,8240,131,9262,33189000,13803.5
,144454,370,1840,25.81,107.2895727,109.554285,2.07,8258,131,9428,33198000,13808.5
,144493,374,1857,26.78,107.2895727,109.554285,2.07,8085,86,9702,33213000,13814.7
,144561,384,1885,26.78,107.2895727,109.554285,2.07,8112,86,8763,33257000,13831.2
,144671,410,1925,26.78,107.2895727,109.554285,2.07,8452,95,9343,33264000,13836.3
,144714,418,1943,26.9,107.2895727,109.554285,2.07,8337,140,9630,33275000,13841.4
,144769,419,1968,26.96,107.2895727,109.554285,2.07,8363,140,9787,33286000,13846.4
,144805,427,1981,27.35,107.2895727,109.554285,2.07,8587,133,9976,33296000,13852.0
,144903,438,2024,27.37,107.2895727,109.554285,2.07,7392,163,9724,33310000,13858.8
,144950,441,2046,29.6,107.2895727,109.554285,2.07,7415,163,9745,33324000,13864.0
,145003,450,2067,29.67,107.2895727,109.554285,2.07,7353,177,9968,33337000,13869.4
,145023,451,2077,29.99,107.2895727,109.554285,2.07,7366,177,8535,33351000,13874.4
,145045,450,2089,30.25,107.2895727,109.554285,2.07,7742,215,8692,33364000,13879.6
,145145,464,2130,30.32,107.2895727,109.554285,2.07,7777,215,8931,33376000,13884.9
,145169,463,2139,32.11,107.2895727,109.554285,2.07,6404,240,9129,33390000,13890.0
,145211,466,2157,34.87,107.2895727,109.554285,2.07,6422,240,9603,33402000,13895.9
,145253,470,2178,35.11,107.2895727,109.554285,2.07,6446,240,9944,33414000,13901.0
,145273,464,2188,35.36,107.2895727,109.554285,2.07,5958,189,9820,33425000,13906.2
,145339,472,2210,35.37,107.2895727,109.554285,2.07,6194,95,9779,33437000,13911.2
,145382,487,2232,35.39,107.2895727,109.554285,2.07,7007,195,9699,33451000,13916.5
,145396,484,2240,35.55,107.2895727,109.554285,2.07,8364,167,9765,33460000,13921.9
,145410,484,2247,36.63,107.2895727,109.554285,2.07,7824,215,9826,33476000,13927.3
,145452,478,2268,37.03,107.2895727,109.554285,2.07,7881,121,9946,33489000,13932.5
,145500,483,2290,37.03,107.2895727,109.554285,2.07,7899,121,9639,33502000,13937.7
,145521,485,2299,38.45,107.2895727,109.554285,2.07,7991,168,9719,33516000,13943.1
,145592,494,2329,40.93,107.2895727,109.554285,2.07,8021,168,9952,33530000,13948.1
,145658,500,2356,40.97,107.2895727,109.554285,2.07,8591,148,9367,33540000,13953.1
,145732,509,2391,41.02,107.2895727,109.554285,2.07,8880,174,9600,33557000,13959.8
,145798,513,2420,42.05,107.2895727,109.554285,2.07,8906,174,9802,33569000,13965.7
,145836,520,2438,42.07,107.2895727,109.554285,2.07,8605,95,9994,33582000,13970.8
,145925,527,2480,42.08,107.2895727,109.554285,2.07,8648,95,9605,33593000,13975.9
,145947,518,2496,43.65,107.2895727,109.554285,2.07,8981,141,9722,33605000,13980.9
,146004,509,2527,44.04,107.2895727,109.554285,2.07,8579,110,9534,33619000,13986.5
,146023,500,2540,44.12,107.2895727,109.554285,2.07,6836,147,9673,33632000,13992.2
,146075,505,2562,44.26,107.2895727,109.554285,2.07,6857,147,9736,33642000,13997.5
,146147,499,2595,44.3,107.2895727,109.554285,2.07,6404,123,9196,33650000,14002.5
,146216,512,2627,44.4,107.2895727,109.554285,2.07,6607,165,9379,33660000,14007.5
,146251,513,2642,45.83,107.2895727,109.554285,2.07,6621,165,9577,33672000,14012.8
,146339,550,2668,45.83,107.2895727,109.554285,2.07,6446,175,9830,33681000,14017.8
,146436,569,2705,45.84,107.2895727,109.554285,2.07,6404,91,9621,33690000,14022.9
,146531,581,2744,45.84,107.2895727,109.554285,2.07,6946,118,9994,33699000,14028.1
,146622,601,2783,46.62,107.2895727,109.554285,2.07,6770,93,9584,33717000,14036.3
,146643,603,2794,51.87,107.2895727,109.554285,2.07,6782,93,9747,33732000,14041.5
,146706,608,2820,51.87,107.2895727,109.554285,2.07,6736,113,9923,33743000,14046.6
,146777,627,2842,51.88,107.2895727,109.554285,2.07,6520,123,9430,33753000,14051.9
,146872,646,2877,51.88,107.2895727,109.554285,2.07,6654,130,9723,33760000,14057.0
,146955,661,2913,51.88,107.2895727,109.554285,2.07,6787,59,9417,33770000,14062.8
,147059,675,2957,51.92,107.2895727,109.554285,2.07,6498,121,9754,33786000,14070.4
,147145,684,2994,52.01,107.2895727,109.554285,2.07,6539,121,9985,33797000,14075.4
,147201,689,3019,52.03,107.2895727,109.554285,2.07,6580,104,8774,33807000,14080.5
,147364,706,3092,52.03,107.2895727,109.554285,2.07,6650,119,9284,33813000,14085.6
,147510,725,3156,52.03,107.2895727,109.554285,2.07,6694,126,9924,33819000,14090.6
,147559,724,3174,52.04,107.2895727,109.554285,2.07,6637,153,9809,33833000,14095.8
,147617,734,3203,52.04,107.2895727,109.554285,2.07,6769,84,9604,33846000,14101.1
,147672,736,3229,52.84,107.2895727,109.554285,2.07,6742,129,9889,33860000,14106.2
,147764,738,3272,52.84,107.2895727,109.554285,2.07,6317,57,9731,33867000,14111.6
,147889,747,3319,52.84,107.2895727,109.554285,2.07,6395,90,9693,33875000,14117.2
,147969,746,3353,52.84,107.2895727,109.554285,2.07,6165,82,9912,33883000,14122.2
,148075,761,3398,52.84,107.2895727,109.554285,2.07,6197,96,9844,33892000,14127.3
,148108,767,3408,52.84,107.2895727,109.554285,2.07,5410,150,9865,33905000,14132.5
,148191,777,3442,52.85,107.2895727,109.554285,2.07,5889,118,9893,33916000,14138.4
,148269,781,3476,52.85,107.2895727,109.554285,2.07,5923,118,9403,33927000,14143.5
,148308,798,3494,53.13,107.2895727,109.554285,2.07,5650,110,9554,33939000,14149.1
,148336,804,3505,53.47,107.2895727,109.554285,2.07,5637,130,9637,33951000,14154.7
,148384,803,3526,53.49,107.2895727,109.554285,2.07,6229,182,9887,33962000,14159.7
,148412,803,3538,53.93,107.2895727,109.554285,2.07,5503,95,9974,33977000,14164.8
,148524,830,3581,53.97,107.2895727,109.554285,2.07,5742,112,9517,33987000,14169.9
,148620,830,3630,53.97,107.2895727,109.554285,2.07,6019,105,9734,33994000,14175.0
,148673,832,3652,54.36,107.2895727,109.554285,2.07,5980,202,9889,34006000,14180.1
,148769,842,3689,54.36,107.2895727,109.554285,2.07,6140,103,9887,34013000,14185.1
,148918,871,3750,54.41,107.2895727,109.554285,2.07,7105,133,9832,34024000,14192.3
,148973,874,3775,54.54,107.2895727,109.554285,2.07,7064,142,9935,34036000,14197.3
,149137,885,3844,54.54,107.2895727,109.554285,2.07,7414,70,9525,34043000,14202.4
,149161,882,3857,54.61,107.2895727,109.554285,2.07,7097,112,9631,34051000,14207.5
,149200,881,3875,54.71,107.2895727,109.554285,2.07,7077,123,9913,34064000,14213.3
,149362,917,3936,54.71,107.2895727,109.554285,2.07,6872,154,9973,34071000,14218.4
,149389,913,3949,54.82,107.2895727,109.554285,2.07,7460,128,9306,34097000,14227.8
,149424,914,3965,54.84,107.2895727,109.554285,2.07,7477,128,9412,34114000,14233.7
,149450,916,3977,54.87,107.2895727,109.554285,2.07,7491,128,9561,34128000,14238.9
,149485,922,3995,54.88,107.2895727,109.554285,2.07,8148,97,9658,34138000,14243.9
,149526,922,4014,54.88,107.2895727,109.554285,2.07,8113,106,9732,34150000,14249.0
,149586,921,4041,54.9,107.2895727,109.554285,2.07,8042,116,9881,34161000,14254.1
,149639,928,4067,55.1,107.2895727,109.554285,2.07,8242,69,9484,34173000,14259.4
,149711,928,4101,55.1,107.2895727,109.554285,2.07,8133,109,9711,34184000,14264.6
,149736,925,4113,55.11,107.2895727,109.554285,2.07,8170,138,9953,34204000,14271.5
,149793,931,4139,55.4,107.2895727,109.554285,2.07,8182,138,9769,34217000,14277.2
,149849,939,4164,55.54,107.2895727,109.554285,2.07,8335,77,9369,34227000,14282.2
,149947,944,4206,55.55,107.2895727,109.554285,2.07,8348,101,9565,34239000,14287.3
,150030,950,4241,55.55,107.2895727,109.554285,2.07,8365,123,9804,34249000,14292.4
,150121,965,4278,55.64,107.2895727,109.554285,2.07,8036,71,9807,34258000,14297.4
,150285,966,4358,55.64,107.2895727,109.554285,2.07,7847,111,9828,34264000,14302.4
,150406,972,4412,55.64,107.2895727,109.554285,2.07,7698,80,9707,34273000,14307.5
,150487,982,4448,55.64,107.2895727,109.554285,2.07,7317,82,9966,34286000,14313.7
,150502,982,4455,55.69,107.2895727,109.554285,2.07,7343,82,9919,34304000,14320.1
,150535,983,4472,55.7,107.2895727,109.554285,2.07,7361,82,9914,34317000,14325.1
,150558,985,4480,55.77,107.2895727,109.554285,2.07,7386,82,9934,34344000,14335.1
,150574,986,4484,55.77,107.2895727,109.554285,2.07,7396,82,9734,34359000,14340.2
,150592,991,4494,55.77,107.2895727,109.554285,2.07,7159,103,9829,34373000,14345.3
,150607,992,4500,55.78,107.2895727,109.554285,2.07,7167,103,9895,34392000,14351.3
,150639,994,4515,55.78,107.2895727,109.554285,2.07,7205,147,9281,34407000,14357.4
,150660,995,4525,55.78,107.2895727,109.554285,2.07,7217,147,9337,34421000,14362.6
,150686,995,4538,55.78,107.2895727,109.554285,2.07,7227,147,9349,34436000,14367.9
,150711,995,4551,55.78,107.2895727,109.554285,2.07,7115,65,9361,34451000,14373.6
,150742,990,4567,55.8,107.2895727,109.554285,2.07,7411,140,9515,34463000,14378.6
,150801,993,4594,55.81,107.2895727,109.554285,2.07,7438,140,9859,34476000,14383.8
,150813,992,4600,55.83,107.2895727,109.554285,2.07,6666,145,9900,34486000,14389.7
,150852,996,4617,55.88,107.2895727,109.554285,2.07,6682,145,9826,34499000,14394.8
,150890,1000,4632,55.9,107.2895727,109.554285,2.07,6477,124,9952,34509000,14399.9
,151003,1006,4680,55.9,107.2895727,109.554285,2.07,6115,64,9841,34515000,14405.1
,151090,1014,4716,57.47,107.2895727,109.554285,2.07,6473,124,9976,34523000,14410.2
,151218,1025,4771,57.47,107.2895727,109.554285,2.07,6982,159,9899,34533000,14415.6
,151270,1022,4793,57.47,107.2895727,109.554285,2.07,7695,162,9817,34544000,14422.2
,151343,1026,4829,57.47,107.2895727,109.554285,2.07,7727,162,9759,34554000,14427.2
,151421,1041,4859,57.48,107.2895727,109.554285,2.07,7869,172,9980,34566000,14432.3
,151531,1043,4905,57.48,107.2895727,109.554285,2.07,8499,52,9861,34574000,14437.4
,151570,1045,4926,57.68,107.2895727,109.554285,2.07,8043,165,9967,34584000,14442.4
,151638,1049,4956,57.72,107.2895727,109.554285,2.07,8684,181,9896,34592000,14447.7
,151742,1046,5008,57.87,107.2895727,109.554285,2.07,8686,190,9908,34599000,14452.7
,151848,1046,5060,57.88,107.2895727,109.554285,2.07,8781,107,9899,34606000,14458.0
,151895,1049,5073,57.9,107.2895727,109.554285,2.07,8798,173,9912,34620000,14463.7
,152027,1078,5126,57.9,107.2895727,109.554285,2.07,8765,97,9981,34627000,14468.8
,152104,1083,5155,58.68,107.2895727,109.554285,2.07,9295,100,9877,34637000,14473.9
,152254,1108,5213,58.68,107.2895727,109.554285,2.07,8913,64,9951,34641000,14479.0
,152373,1128,5261,58.88,107.2895727,109.554285,2.07,8516,118,9795,34658000,14487.1
,152397,1130,5270,58.89,107.2895727,109.554285,2.07,8206,126,9883,34670000,14492.1
,152513,1144,5313,58.89,107.2895727,109.554285,2.07,8033,137,9673,34681000,14497.8
,152610,1157,5348,58.94,107.2895727,109.554285,2.07,8243,79,9894,34690000,14503.1
,152714,1157,5389,58.94,107.2895727,109.554285,2.07,8305,141,9693,34698000,14508.1
,152789,1176,5425,58.94,107.2895727,109.554285,2.07,8307,49,9930,34708000,14513.2
,152824,1178,5440,58.95,107.2895727,109.554285,2.07,8747,117,9952,34722000,14518.5
,152899,1194,5468,58.97,107.2895727,109.554285,2.07,8775,117,9930,34734000,14523.7
,152999,1199,5511,58.97,107.2895727,109.554285,2.07,8961,46,9890,34742000,14528.7
,153178,1226,5580,58.97,107.2895727,109.554285,2.07,8927,41,9794,34747000,14533.9
,153209,1226,5591,59.17,107.2895727,109.554285,2.07,8931,110,9932,34759000,14538.9
,153282,1236,5623,59.21,107.2895727,109.554285,2.07,8953,114,9997,34770000,14544.1
,153388,1239,5671,59.21,107.2895727,109.554285,2.07,8970,120,9900,34779000,14549.1
,153512,1245,5727,59.21,107.2895727,109.554285,2.07,8931,53,9717,34787000,14554.3
,153564,1243,5751,59.24,107.2895727,109.554285,2.07,9040,97,9898,34798000,14559.4
,153637,1249,5784,59.26,107.2895727,109.554285,2.07,9114,47,9920,34808000,14564.6
,153696,1254,5807,59.26,107.2895727,109.554285,2.07,8886,32,9630,34815000,14570.0
,153761,1255,5830,59.32,107.2895727,109.554285,2.07,8965,108,9858,34827000,14575.0
,153894,1278,5889,59.33,107.2895727,109.554285,2.07,9098,121,9874,34836000,14580.1
,154031,1287,5951,59.33,107.2895727,109.554285,2.07,9232,69,9991,34843000,14585.2
,154070,1292,5966,59.43,107.2895727,109.554285,2.07,9351,130,9983,34854000,14590.5
,154127,1303,5988,59.44,107.2895727,109.554285,2.07,9365,130,9994,34864000,14595.6
,154197,1302,6026,59.63,107.2895727,109.554285,2.07,8740,202,10000,34876000,14603.2
,154210,1302,6033,59.8,107.2895727,109.554285,2.07,8747,202,9861,34889000,14608.2
,154308,1307,6068,59.8,107.2895727,109.554285,2.07,8671,88,9859,34896000,14613.3
,154344,1309,6077,59.8,107.2895727,109.554285,2.07,8056,138,9966,34907000,14618.3
,154416,1317,6113,59.81,107.2895727,109.554285,2.07,8065,138,9951,34919000,14623.8
,154439,1325,6123,59.81,107.2895727,109.554285,2.07,7549,82,9942,34933000,14628.8
,154469,1328,6136,59.81,107.2895727,109.554285,2.07,7561,82,9993,34948000,14634.0
,154512,1331,6154,59.81,107.2895727,109.554285,2.07,7577,82,9975,34961000,14639.0
,154539,1337,6166,59.81,107.2895727,109.554285,2.07,7440,90,9969,34974000,14644.7
,154570,1339,6181,59.81,107.2895727,109.554285,2.07,7454,90,9849,34987000,14649.8
,154593,1340,6191,59.82,107.2895727,109.554285,2.07,7462,90,9887,34999000,14654.8
,154640,1345,6212,59.83,107.2895727,109.554285,2.07,6684,126,9915,35013000,14661.3
,154763,1362,6262,59.83,107.2895727,109.554285,2.07,6581,59,9973,35018000,14666.6
,154814,1360,6287,59.84,107.2895727,109.554285,2.07,6539,119,9863,35034000,14674.0
,154874,1363,6309,59.84,107.2895727,109.554285,2.07,6563,119,9814,35043000,14679.1
,154938,1375,6334,59.85,107.2895727,109.554285,2.07,6539,135,9973,35052000,14684.3
,155022,1380,6375,59.85,107.2895727,109.554285,2.07,6809,87,9911,35058000,14689.4
,155143,1396,6425,60.05,107.2895727,109.554285,2.07,6904,122,9917,35069000,14696.3
,155171,1380,6448,61.02,107.2895727,109.554285,2.07,7019,139,9883,35075000,14701.4
,155199,1378,6461,61.04,107.2895727,109.554285,2.07,6861,92,9717,35088000,14706.5
,155240,1381,6474,61.15,107.2895727,109.554285,2.07,6874,92,9933,35101000,14711.9
,155353,1406,6519,61.15,107.2895727,109.554285,2.07,7085,104,9837,35107000,14717.0
,155421,1409,6550,61.15,107.2895727,109.554285,2.07,6961,62,9879,35114000,14722.1
,155564,1415,6611,61.15,107.2895727,109.554285,2.07,6772,124,9845,35121000,14727.2
,155639,1425,6642,61.16,107.2895727,109.554285,2.07,6978,159,9736,35133000,14734.1
,155676,1427,6661,61.33,107.2895727,109.554285,2.07,6997,159,9989,35143000,14739.2
,155773,1434,6694,61.33,107.2895727,109.554285,2.07,7102,69,9831,35150000,14744.3
,155849,1443,6726,61.33,107.2895727,109.554285,2.07,6977,85,9889,35159000,14749.4
,155905,1446,6752,61.33,107.2895727,109.554285,2.07,6719,74,10008,35167000,14754.7
,155924,1443,6760,61.38,107.2895727,109.554285,2.07,6827,175,9658,35176000,14759.7
,156001,1440,6799,61.38,107.2895727,109.554285,2.07,7202,196,9997,35183000,14765.1
,156069,1444,6827,61.38,107.2895727,109.554285,2.07,7193,74,9644,35195000,14770.2
,156115,1451,6846,61.38,107.2895727,109.554285,2.07,6628,139,9843,35210000,14776.2
,156195,1457,6877,61.38,107.2895727,109.554285,2.07,6657,139,9874,35222000,14781.3
,156319,1472,6928,61.38,107.2895727,109.554285,2.07,6366,66,9982,35229000,14786.4
,156450,1498,6978,61.38,107.2895727,109.554285,2.07,6697,74,9632,35236000,14791.8
,156542,1502,7013,61.53,107.2895727,109.554285,2.07,7176,131,9955,35245000,14797.0
,156623,1533,7046,61.53,107.2895727,109.554285,2.07,7342,141,9966,35256000,14802.2
,156706,1526,7089,61.53,107.2895727,109.554285,2.07,7345,161,9966,35262000,14807.2
,156750,1532,7106,61.53,107.2895727,109.554285,2.07,7161,100,9976,35274000,14812.4
,156797,1539,7127,61.53,107.2895727,109.554285,2.07,7183,100,9997,35290000,14818.1
,156822,1538,7142,61.54,107.2895727,109.554285,2.07,7541,100,9974,35303000,14823.3
,156948,1556,7190,61.54,107.2895727,109.554285,2.07,7407,57,9957,35310000,14828.3
,157071,1561,7245,61.54,107.2895727,109.554285,2.07,6565,111,9973,35322000,14835.2
,157151,1568,7282,61.54,107.2895727,109.554285,2.07,6581,111,9792,35334000,14840.3
,157233,1579,7317,61.55,107.2895727,109.554285,2.07,6828,154,9959,35342000,14845.6
,157342,1582,7363,61.55,107.2895727,109.554285,2.07,6761,81,9943,35350000,14850.6
,157399,1586,7390,61.55,107.2895727,109.554285,2.07,6744,100,9879,35358000,14855.7
,157433,1589,7404,61.55,107.2895727,109.554285,2.07,6636,126,9973,35369000,14861.1
,157482,1595,7424,61.55,107.2895727,109.554285,2.07,6657,126,9952,35383000,14866.7
,157526,1603,7442,61.55,107.2895727,109.554285,2.07,6467,154,9990,35394000,14871.8
,157584,1605,7469,61.55,107.2895727,109.554285,2.07,7036,76,9764,35405000,14876.9
,157812,1649,7553,61.55,107.2895727,109.554285,2.07,6615,84,9688,35409000,14881.9
,158018,1676,7640,61.55,107.2895727,109.554285,2.07,6850,34,9940,35414000,14886.9
,158110,1680,7679,61.57,107.2895727,109.554285,2.07,6559,103,9942,35423000,14892.0
,158203,1694,7721,61.61,107.2895727,109.554285,2.07,6620,84,9946,35431000,14897.1
,158258,1690,7749,61.63,107.2895727,109.554285,2.07,6073,92,9855,35440000,14902.1
,158324,1707,7776,61.64,107.2895727,109.554285,2.07,6103,92,9890,35451000,14907.2
,158459,1726,7828,61.64,107.2895727,109.554285,2.07,6040,122,9881,35457000,14912.4
,158528,1729,7861,61.64,107.2895727,109.554285,2.07,6079,122,9922,35467000,14917.5
,158645,1742,7910,61.64,107.2895727,109.554285,2.07,6196,61,9774,35473000,14922.6
,158708,1749,7936,61.67,107.2895727,109.554285,2.07,6149,105,9921,35484000,14927.8
,158763,1759,7961,61.67,107.2895727,109.554285,2.07,6177,105,9623,35495000,14932.8
,158869,1759,8010,61.67,107.2895727,109.554285,2.07,5593,96,9898,35501000,14938.0
,159029,1772,8076,61.67,107.2895727,109.554285,2.07,5150,138,9874,35514000,14944.7
,159099,1778,8108,61.68,107.2895727,109.554285,2.07,5178,138,9861,35526000,14950.0
,159239,1797,8168,61.68,107.2895727,109.554285,2.07,5417,51,9815,35531000,14955.3
,159356,1806,8219,61.68,107.2895727,109.554285,2.07,5578,82,9991,35539000,14960.3
,159427,1815,8252,61.68,107.2895727,109.554285,2.07,5873,54,9735,35549000,14965.4
,159482,1819,8272,61.7,107.2895727,109.554285,2.07,6227,81,9776,35562000,14970.4
,159534,1829,8296,61.7,107.2895727,109.554285,2.07,6312,95,9978,35576000,14975.5
,159682,1837,8355,61.7,107.2895727,109.554285,2.07,6044,54,9934,35586000,14981.0
,159795,1848,8398,61.7,107.2895727,109.554285,2.07,6248,103,9739,35595000,14986.5
,159881,1851,8427,61.7,107.2895727,109.554285,2.07,6273,103,9843,35604000,14991.9
,159941,1869,8456,61.7,107.2895727,109.554285,2.07,6070,119,9978,35613000,14997.1
,160076,1898,8508,61.7,107.2895727,109.554285,2.07,6074,43,9933,35621000,15002.2
,160216,1901,8570,61.7,107.2895727,109.554285,2.07,6360,66,9826,35626000,15007.2
,160327,1911,8617,61.7,107.2895727,109.554285,2.07,6845,107,9936,35637000,15013.1
,160396,1914,8649,61.71,107.2895727,109.554285,2.07,6879,107,9922,35647000,15018.2
,160486,1925,8690,61.71,107.2895727,109.554285,2.07,6908,120,9975,35654000,15023.5
,160573,1930,8729,61.71,107.2895727,109.554285,2.07,6871,45,9968,35660000,15028.5
,160665,1938,8768,61.71,107.2895727,109.554285,2.07,6921,159,9972,35670000,15034.7
,160712,1943,8788,61.76,107.2895727,109.554285,2.07,6941,159,9839,35682000,15039.9
,160776,1947,8818,61.77,107.2895727,109.554285,2.07,6969,107,9649,35690000,15045.7
,160904,1955,8873,61.77,107.2895727,109.554285,2.07,7185,104,9919,35705000,15052.9
,160948,1957,8891,61.77,107.2895727,109.554285,2.07,7217,104,9897,35718000,15058.0
,160996,1973,8911,61.77,107.2895727,109.554285,2.07,7235,104,10003,35731000,15063.4
,161026,1972,8925,61.77,107.2895727,109.554285,2.07,6935,69,9887,35740000,15068.8
,161129,1981,8970,61.77,107.2895727,109.554285,2.07,6826,81,9877,35752000,15073.9
,161190,1984,8992,61.77,107.2895727,109.554285,2.07,7290,146,9901,35763000,15079.0
,161289,1997,9036,61.77,107.2895727,109.554285,2.07,7286,159,9870,35771000,15084.2
,161410,2012,9086,61.77,107.2895727,109.554285,2.07,6794,61,9938,35778000,15089.2
,161457,2007,9112,61.78,107.2895727,109.554285,2.07,6682,131,9772,35789000,15095.0
,161497,2005,9131,61.78,107.2895727,109.554285,2.07,6803,116,9950,35799000,15100.1
,161604,2015,9179,61.78,107.2895727,109.554285,2.07,6697,170,9939,35810000,15105.6
,161647,2021,9199,61.81,107.2895727,109.554285,2.07,6716,170,9702,35823000,15110.6
,161701,2024,9223,61.84,107.2895727,109.554285,2.07,6677,183,9784,35832000,15115.7
,161860,2046,9289,61.84,107.2895727,109.554285,2.07,7000,85,9907,35837000,15120.8
,161963,2058,9329,61.85,107.2895727,109.554285,2.07,6506,136,9955,35849000,15126.9
,162010,2061,9352,61.88,107.2895727,109.554285,2.07,6525,136,9725,35862000,15133.1
,162036,2062,9363,61.9,107.2895727,109.554285,2.07,6531,136,9788,35874000,15138.2
,162069,2070,9379,62.08,107.2895727,109.554285,2.07,6426,166,9987,35884000,15143.4
,162156,2081,9413,62.08,107.2895727,109.554285,2.07,6459,166,9752,35892000,15148.4
,162191,2078,9433,62.37,107.2895727,109.554285,2.07,6693,173,9870,35899000,15153.5
,162228,2076,9446,62.38,107.2895727,109.554285,2.07,6539,107,9985,35906000,15158.5
,162329,2088,9484,62.38,107.2895727,109.554285,2.07,6725,121,9963,35914000,15164.1
,162403,2095,9512,62.38,107.2895727,109.554285,2.07,6752,121,9901,35925000,15169.1
,162465,2107,9538,62.38,107.2895727,109.554285,2.07,6776,134,9815,35933000,15174.4
,162515,2111,9562,62.38,107.2895727,109.554285,2.07,6782,134,9987,35942000,15179.5
,162550,2116,9575,62.38,107.2895727,109.554285,2.07,6896,174,9989,35953000,15184.5
,162582,2118,9591,62.38,107.2895727,109.554285,2.07,7503,143,9945,35961000,15189.9
,162628,2116,9611,62.43,107.2895727,109.554285,2.07,7294,173,9878,35971000,15196.3
,162674,2116,9628,62.47,107.2895727,109.554285,2.07,7310,173,9928,35986000,15201.9
,162728,2124,9649,62.47,107.2895727,109.554285,2.07,7452,74,9854,35998000,15207.3
,162740,2115,9658,62.49,107.2895727,109.554285,2.07,8235,145,9954,36010000,15212.6
,162762,2107,9673,62.63,107.2895727,109.554285,2.07,8848,201,9731,36031000,15220.7
,162794,2109,9688,62.65,107.2895727,109.554285,2.07,8858,201,9829,36044000,15226.3
,162862,2126,9714,62.66,107.2895727,109.554285,2.07,8890,201,9827,36058000,15232.1
,162880,2120,9724,62.66,107.2895727,109.554285,2.07,9055,72,9946,36070000,15237.3
,162901,2121,9732,62.66,107.2895727,109.554285,2.07,9147,133,10000,36085000,15242.3
,162968,2123,9764,62.67,107.2895727,109.554285,2.07,9178,133,9819,36091000,15247.3
,162992,2124,9778,62.96,107.2895727,109.554285,2.07,9159,153,9920,36101000,15252.5
,163023,2124,9791,63.12,107.2895727,109.554285,2.07,9229,193,9885,36109000,15257.5
,163072,2127,9813,63.19,107.2895727,109.554285,2.07,9252,193,9839,36119000,15262.6
,163121,2123,9838,63.2,107.2895727,109.554285,2.07,9519,212,9584,36138000,15272.2
,163154,2120,9857,63.21,107.2895727,109.554285,2.07,9814,125,9806,36153000,15278.4
,163225,2116,9884,63.26,107.2895727,109.554285,2.07,10201,199,9920,36160000,15283.4
,163268,2125,9909,63.28,107.2895727,109.554285,2.07,8781,155,9913,36178000,15291.8
,163417,2143,9970,63.32,107.2895727,109.554285,2.07,8592,167,9980,36185000,15296.8
,163568,2141,10036,63.32,107.2895727,109.554285,2.07,7967,109,9886,36190000,15301.8
,163657,2152,10074,63.33,107.2895727,109.554285,2.07,8005,109,9876,36199000,15306.9
,163823,2171,10145,63.33,107.2895727,109.554285,2.07,7379,59,9867,36203000,15312.0
,163947,2173,10193,63.33,107.2895727,109.554285,2.07,6963,149,9912,36210000,15317.1
,164045,2188,10232,63.33,107.2895727,109.554285,2.07,7238,101,9958,36223000,15323.4
,164120,2195,10266,63.33,107.2895727,109.554285,2.07,7269,101,9591,36232000,15328.5
,164172,2204,10289,63.33,107.2895727,109.554285,2.07,6854,138,9905,36241000,15333.7
,164263,2206,10326,63.33,107.2895727,109.554285,2.07,6105,91,9919,36251000,15338.7
,164349,2220,10364,63.48,107.2895727,109.554285,2.07,6135,165,9779,36262000,15344.3
,164453,2220,10408,63.65,107.2895727,109.554285,2.07,6504,104,9970,36268000,15349.7
,164557,2220,10450,63.65,107.2895727,109.554285,2.07,6162,55,9937,36277000,15354.7
,164690,2247,10501,63.65,107.2895727,109.554285,2.07,6164,127,9864,36283000,15360.1
,164792,2255,10544,63.65,107.2895727,109.554285,2.07,6210,46,9993,36289000,15365.2
,164828,2254,10562,63.75,107.2895727,109.554285,2.07,6115,176,9985,36302000,15371.8
,164944,2264,10613,63.75,107.2895727,109.554285,2.07,6199,81,9838,36309000,15376.8
,164996,2262,10639,63.75,107.2895727,109.554285,2.07,5706,126,9951,36318000,15382.5
,165030,2266,10648,63.75,107.2895727,109.554285,2.07,5716,126,9640,36330000,15387.8
,165115,2277,10682,63.75,107.2895727,109.554285,2.07,5628,144,9652,36339000,15392.8
,165231,2291,10725,63.75,107.2895727,109.554285,2.07,5862,87,9949,36346000,15397.9
,165413,2330,10785,63.75,107.2895727,109.554285,2.07,5858,101,9963,36354000,15402.9
,165555,2336,10846,63.75,107.2895727,109.554285,2.07,5734,115,9965,36364000,15410.2
,165623,2340,10877,63.8,107.2895727,109.554285,2.07,5755,115,9687,36373000,15415.3
,165735,2348,10928,63.81,107.2895727,109.554285,2.07,5770,124,9886,36381000,15420.4
,165803,2352,10956,63.84,107.2895727,109.554285,2.07,6021,205,9941,36387000,15425.7
,165834,2343,10974,63.87,107.2895727,109.554285,2.07,6623,155,9944,36399000,15430.7
,165903,2346,11006,63.89,107.2895727,109.554285,2.07,6655,155,9963,36408000,15435.8
,165955,2350,11027,63.89,107.2895727,109.554285,2.07,6321,87,9988,36418000,15440.9
,166083,2363,11084,63.9,107.2895727,109.554285,2.07,6013,107,9883,36428000,15446.5
,166111,2366,11096,64.01,107.2895727,109.554285,2.07,6024,107,9947,36443000,15451.7
,166147,2367,11111,64.45,107.2895727,109.554285,2.07,6056,118,9999,36457000,15457.0
,166269,2374,11167,64.45,107.2895727,109.554285,2.07,6096,123,9905,36465000,15462.1
,166370,2390,11208,64.45,107.2895727,109.554285,2.07,6257,55,9981,36475000,15467.2
,166541,2410,11278,64.45,107.2895727,109.554285,2.07,6369,76,9747,36483000,15472.6
,166641,2416,11321,64.46,107.2895727,109.554285,2.07,6188,98,9976,36493000,15477.9
,166703,2421,11349,64.47,107.2895727,109.554285,2.07,6218,98,9740,36504000,15482.9
,166799,2437,11395,64.47,107.2895727,109.554285,2.07,6489,66,9746,36511000,15488.1
,167006,2458,11485,64.47,107.2895727,109.554285,2.07,6236,91,9922,36518000,15493.3
,167046,2466,11499,64.64,107.2895727,109.554285,2.07,5918,137,9895,36529000,15498.4
,167221,2476,11580,64.64,107.2895727,109.554285,2.07,5535,72,9828,36535000,15503.4
,167374,2483,11652,64.64,107.2895727,109.554285,2.07,5636,42,9865,36543000,15508.4
,167420,2474,11678,64.73,107.2895727,109.554285,2.07,5835,131,9910,36553000,15513.5
,167547,2487,11734,64.73,107.2895727,109.554285,2.07,5709,149,9988,36559000,15518.5
,167654,2496,11773,64.73,107.2895727,109.554285,2.07,5558,186,9392,36568000,15523.6
,167697,2500,11793,64.73,107.2895727,109.554285,2.07,5580,186,9639,36580000,15528.7
,167795,2525,11832,64.73,107.2895727,109.554285,2.07,5556,78,9986,36588000,15533.7
,167883,2529,11870,64.73,107.2895727,109.554285,2.07,5685,53,9738,36597000,15538.8
,168012,2546,11923,64.73,107.2895727,109.554285,2.07,5734,68,9905,36605000,15543.8
,168093,2550,11963,64.73,107.2895727,109.554285,2.07,5696,100,9899,36613000,15549.0
,168178,2562,11994,64.94,107.2895727,109.554285,2.07,5696,131,9508,36623000,15554.2
,168253,2566,12024,66.29,107.2895727,109.554285,2.07,6303,85,10089,36634000,15559.5
,168306,2564,12049,66.29,107.2895727,109.554285,2.07,7723,184,9989,36642000,15566.2
,168342,2570,12063,66.29,107.2895727,109.554285,2.07,7731,184,9912,36655000,15571.2
,168373,2572,12075,66.3,107.2895727,109.554285,2.07,7740,184,9988,36668000,15576.2
,168429,2585,12096,66.3,107.2895727,109.554285,2.07,7849,193,9825,36678000,15581.3
,168519,2594,12134,66.3,107.2895727,109.554285,2.07,7705,65,9657,36686000,15586.5
,168626,2598,12180,66.3,107.2895727,109.554285,2.07,7699,120,9852,36694000,15591.7
,168681,2610,12209,66.3,107.2895727,109.554285,2.07,7730,70,9835,36705000,15596.9
,168721,2608,12228,66.3,107.2895727,109.554285,2.07,7727,112,9940,36717000,15602.4
,168769,2610,12252,66.3,107.2895727,109.554285,2.07,7751,112,9966,36729000,15607.5
,168844,2612,12284,66.3,107.2895727,109.554285,2.07,6648,138,9874,36739000,15612.5
,168977,2618,12345,66.3,107.2895727,109.554285,2.07,6056,66,9759,36745000,15617.8
,169045,2622,12372,66.44,107.2895727,109.554285,2.07,6029,120,9936,36757000,15623.0
,169137,2625,12418,66.44,107.2895727,109.554285,2.07,5926,30,9955,36768000,15628.1
,169263,2644,12471,66.44,107.2895727,109.554285,2.07,5998,76,9852,36775000,15633.3
,169390,2646,12527,66.44,107.2895727,109.554285,2.07,5638,66,9974,36784000,15638.3
,169431,2648,12545,66.44,107.2895727,109.554285,2.07,5518,90,9932,36799000,15643.4
,169482,2650,12568,66.44,107.2895727,109.554285,2.07,5543,90,9990,36813000,15648.5
,169510,2656,12582,66.44,107.2895727,109.554285,2.07,6643,185,9969,36824000,15655.5
,169597,2658,12623,66.45,107.2895727,109.554285,2.07,7018,194,9994,36830000,15660.5
,169646,2665,12643,66.45,107.2895727,109.554285,2.07,7165,101,9957,36841000,15665.7
,169783,2675,12701,66.45,107.2895727,109.554285,2.07,7259,60,9819,36849000,15670.7
,169887,2678,12742,66.45,107.2895727,109.554285,2.07,7266,115,9985,36859000,15675.8
,169973,2691,12783,66.45,107.2895727,109.554285,2.07,7326,85,9902,36868000,15680.8
,170106,2715,12833,66.45,107.2895727,109.554285,2.07,7449,111,9750,36878000,15685.8
,170154,2714,12853,66.46,107.2895727,109.554285,2.07,7862,86,9716,36888000,15690.9
,170267,2726,12902,66.46,107.2895727,109.554285,2.07,7828,148,9910,36898000,15696.0
,170332,2724,12933,66.46,107.2895727,109.554285,2.07,7727,60,9978,36909000,15701.1
,170392,2728,12960,66.46,107.2895727,109.554285,2.07,7683,67,9990,36922000,15706.1
,170517,2735,13019,66.46,107.2895727,109.554285,2.07,7417,106,9947,36935000,15712.8
,170576,2735,13046,66.47,107.2895727,109.554285,2.07,7440,106,9929,36946000,15717.8
,170661,2729,13091,66.47,107.2895727,109.554285,2.07,6703,138,9915,36955000,15722.9
,170784,2756,13137,66.56,107.2895727,109.554285,2.07,6871,109,9929,36962000,15727.9
,170924,2753,13202,66.57,107.2895727,109.554285,2.07,7041,112,9491,36967000,15733.3
,170998,2746,13239,66.57,107.2895727,109.554285,2.07,6527,110,9764,36975000,15738.4
,171031,2748,13252,66.57,107.2895727,109.554285,2.07,6543,110,9926,36990000,15743.6
,171141,2762,13300,66.57,107.2895727,109.554285,2.07,6506,120,10001,36997000,15748.6
,171304,2765,13374,66.57,107.2895727,109.554285,2.07,6406,141,9885,37005000,15753.6
,171464,2769,13446,66.57,107.2895727,109.554285,2.07,6574,63,9930,37013000,15758.6
,171533,2778,13474,66.58,107.2895727,109.554285,2.07,7226,117,9897,37023000,15763.7
,171606,2792,13508,66.58,107.2895727,109.554285,2.07,7273,84,9938,37034000,15769.0
,171654,2793,13530,66.58,107.2895727,109.554285,2.07,7519,122,9724,37045000,15774.0
,171731,2799,13566,66.58,107.2895727,109.554285,2.07,7660,137,9892,37055000,15779.1
,171766,2798,13581,66.75,107.2895727,109.554285,2.07,7757,124,9966,37064000,15784.1
,171839,2805,13614,66.97,107.2895727,109.554285,2.07,8040,164,9868,37074000,15789.1
,171869,2804,13623,67.04,107.2895727,109.554285,2.07,7583,148,9979,37087000,15794.7
,172023,2815,13690,67.04,107.2895727,109.554285,2.07,7596,43,9796,37094000,15799.8
,172111,2818,13731,67.06,107.2895727,109.554285,2.07,7589,165,9990,37106000,15806.6
,172163,2822,13754,67.12,107.2895727,109.554285,2.07,7612,165,9953,37116000,15811.8
,172216,2831,13777,67.12,107.2895727,109.554285,2.07,7756,189,9938,37128000,15817.0
,172317,2837,13824,67.12,107.2895727,109.554285,2.07,7847,213,9950,37139000,15822.0
,172435,2853,13876,67.9,107.2895727,109.554285,2.07,7737,108,9809,37150000,15827.6
,172553,2866,13923,67.9,107.2895727,109.554285,2.07,6894,42,9877,37157000,15832.6
,172628,2866,13960,67.91,107.2895727,109.554285,2.07,6436,100,9940,37168000,15837.7
,172686,2868,13987,67.91,107.2895727,109.554285,2.07,6462,100,9879,37179000,15842.8
,172728,2864,14008,67.91,107.2895727,109.554285,2.07,6635,132,9907,37189000,15847.8
,172789,2862,14039,67.92,107.2895727,109.554285,2.07,7463,198,9957,37204000,15855.8
,172883,2873,14076,67.93,107.2895727,109.554285,2.07,7497,198,9977,37211000,15860.8
,172961,2883,14112,67.95,107.2895727,109.554285,2.07,7564,195,9947,37221000,15867.4
,173005,2885,14134,68.24,107.2895727,109.554285,2.07,7586,195,9879,37235000,15872.8
,173034,2885,14148,68.26,107.2895727,109.554285,2.07,7600,195,9639,37248000,15877.8
,173062,2889,14159,68.28,107.2895727,109.554285,2.07,7262,181,9749,37263000,15883.9
L,173070,2889,14164,68.4,107.2895727,109.554285,2.07,7209,206,9901,37264000,15962.4
,173144,2887,14200,68.41,107.2895727,109.554285,2.07,6213,84,9994,37378000,15967.4
,173270,2891,14259,68.41,107.2895727,109.554285,2.07,5598,127,9839,37391000,15973.7
,173329,2898,14280,68.41,107.2895727,109.554285,2.07,5622,127,9989,37404000,15979.0
,173386,2905,14302,68.41,107.2895727,109.554285,2.07,5753,137,9968,37414000,15984.0
,173456,2903,14333,68.41,107.2895727,109.554285,2.07,5865,160,9996,37427000,15991.0
,173590,2910,14386,68.41,107.2895727,109.554285,2.07,6383,77,9991,37434000,15996.1
,173690,2917,14436,68.42,107.2895727,109.554285,2.07,6572,122,9808,37441000,16001.5
,173784,2918,14477,68.42,107.2895727,109.554285,2.07,6669,126,9987,37453000,16006.6
,173821,2927,14493,68.42,107.2895727,109.554285,2.07,6356,142,9967,37465000,16011.6
,173886,2928,14524,68.42,107.2895727,109.554285,2.07,6533,151,9851,37474000,16016.7
,173976,2938,14564,68.51,107.2895727,109.554285,2.07,6390,100,9840,37483000,16022.1
,174092,2937,14619,68.51,107.2895727,109.554285,2.07,6211,94,9950,37490000,16027.5
,174160,2944,14647,68.51,107.2895727,109.554285,2.07,6052,104,9987,37499000,16032.6
,174219,2947,14675,68.51,107.2895727,109.554285,2.07,6080,104,9947,37510000,16037.8
,174272,2960,14694,68.52,107.2895727,109.554285,2.07,5230,107,9803,37520000,16043.1
,174413,2983,14750,68.52,107.2895727,109.554285,2.07,5181,55,9921,37528000,16048.1
,174499,2996,14788,68.52,107.2895727,109.554285,2.07,4994,66,9909,37540000,16053.2
,174536,2994,14807,68.52,107.2895727,109.554285,2.07,5152,99,9915,37554000,16058.3
,174581,2993,14829,68.52,107.2895727,109.554285,2.07,5201,114,9975,37567000,16063.5
,174653,2991,14861,68.52,107.2895727,109.554285,2.07,4993,89,9879,37577000,16068.6
,174692,2995,14875,68.58,107.2895727,109.554285,2.07,5230,142,9967,37586000,16073.6
,174776,2997,14919,68.59,107.2895727,109.554285,2.07,5398,114,9911,37595000,16078.7
,174914,3015,14973,68.59,107.2895727,109.554285,2.07,5427,39,9895,37605000,16084.0
,175127,3041,15061,68.59,107.2895727,109.554285,2.07,5640,57,9910,37611000,16089.0
,175220,3042,15102,68.59,107.2895727,109.554285,2.07,5637,86,9861,37620000,16094.0
,175378,3050,15171,68.59,107.2895727,109.554285,2.07,5738,124,9693,37628000,16099.1
,175497,3056,15226,68.59,107.2895727,109.554285,2.07,5617,52,9864,37637000,16104.1
,175623,3069,15268,68.59,107.2895727,109.554285,2.07,5231,121,9991,37647000,16109.2
,175681,3086,15293,68.59,107.2895727,109.554285,2.07,5254,121,9822,37661000,16114.4
,175765,3087,15333,68.59,107.2895727,109.554285,2.07,5145,102,9990,37673000,16119.4
,175893,3100,15384,68.59,107.2895727,109.554285,2.07,5524,67,9833,37680000,16124.4
,175965,3121,15413,68.6,107.2895727,109.554285,2.07,5350,126,9874,37693000,16129.5
,176059,3141,15452,68.6,107.2895727,109.554285,2.07,5402,139,9854,37706000,16134.8
,176116,3135,15478,68.6,107.2895727,109.554285,2.07,4989,131,9746,37718000,16139.9
,176209,3148,15523,68.6,107.2895727,109.554285,2.07,5094,72,9998,37727000,16145.0
,176336,3153,15580,68.6,107.2895727,109.554285,2.07,5591,75,9968,37731000,16150.0
,176403,3159,15605,68.66,107.2895727,109.554285,2.07,5322,141,9896,37742000,16155.1
,176540,3180,15662,68.67,107.2895727,109.554285,2.07,5270,151,9996,37750000,16160.1
,176716,3190,15737,68.67,107.2895727,109.554285,2.07,5100,72,9920,37754000,16165.2
,176859,3208,15793,68.67,107.2895727,109.554285,2.07,4957,85,9995,37762000,16170.2
,176920,3215,15821,68.68,107.2895727,109.554285,2.07,4987,85,10000,37774000,16175.6
,176997,3231,15851,68.68,107.2895727,109.554285,2.07,5121,91,9922,37784000,16180.7
,177122,3243,15906,68.68,107.2895727,109.554285,2.07,5415,53,9989,37794000,16185.9
,177148,3243,15918,68.68,107.2895727,109.554285,2.07,5294,134,9886,37808000,16191.1
,177220,3247,15950,68.69,107.2895727,109.554285,2.07,5327,134,9989,37819000,16196.1
,177400,3277,16016,68.69,107.2895727,109.554285,2.07,5514,101,9587,37826000,16201.1
,177464,3281,16047,68.69,107.2895727,109.554285,2.07,6886,156,9723,37834000,16206.6
,177603,3307,16101,68.69,107.2895727,109.554285,2.07,6783,37,9850,37840000,16211.7
,177752,3325,16164,68.69,107.2895727,109.554285,2.07,6334,71,9931,37851000,16216.7
,177816,3326,16194,68.69,107.2895727,109.554285,2.07,6410,72,9892,37860000,16221.8
,177926,3337,16239,68.69,107.2895727,109.554285,2.07,6494,83,9821,37869000,16226.9
,178080,3363,16305,68.69,107.2895727,109.554285,2.07,6150,61,9921,37875000,16231.9
,178227,3366,16378,68.69,107.2895727,109.554285,2.07,6950,156,9986,37886000,16239.0
,178352,3370,16436,68.71,107.2895727,109.554285,2.07,7032,166,9990,37894000,16244.1
,178448,3377,16479,68.72,107.2895727,109.554285,2.07,7025,152,9923,37904000,16249.6
,178497,3382,16501,68.72,107.2895727,109.554285,2.07,7045,152,9829,37917000,16254.9
,178553,3376,16530,68.72,107.2895727,109.554285,2.07,7631,136,9922,37928000,16260.0
,178669,3395,16574,68.75,107.2895727,109.554285,2.07,7954,112,9880,37936000,16265.0
,178759,3400,16620,68.76,107.2895727,109.554285,2.07,8105,87,9884,37947000,16270.3
,178879,3411,16672,70.56,107.2895727,109.554285,2.07,7832,138,9918,37957000,16275.3
,178946,3410,16705,71.78,107.2895727,109.554285,2.07,7605,68,9902,38726000,16838.0
,179116,3415,16779,71.78,107.2895727,109.554285,2.07,7079,94,9916,38735000,16843.0
,179246,3418,16835,71.78,107.2895727,109.554285,2.07,6692,107,9987,38748000,16848.7
,179324,3432,16869,71.78,107.2895727,109.554285,2.07,6724,107,9992,38758000,16853.7
,179462,3440,16922,71.78,107.2895727,109.554285,2.07,6155,114,9873,38766000,16859.0
,179543,3449,16959,71.78,107.2895727,109.554285,2.07,5751,44,9903,38774000,16864.2
,179690,3470,17020,71.78,107.2895727,109.554285,2.07,5754,57,9954,38784000,16869.2
,179768,3475,17055,71.79,107.2895727,109.554285,2.07,5076,109,9821,38795000,16875.0
,179829,3479,17081,71.79,107.2895727,109.554285,2.07,5099,139,9939,38803000,16880.1
,179903,3479,17115,71.79,107.2895727,109.554285,2.07,5545,109,9945,38813000,16885.2
,179931,3480,17128,71.79,107.2895727,109.554285,2.07,5736,112,9937,38823000,16890.2
,180025,3491,17171,71.79,107.2895727,109.554285,2.07,5781,112,9829,38830000,16895.3
,180134,3510,17212,71.79,107.2895727,109.554285,2.07,5838,143,9994,38838000,16900.5
,180231,3527,17255,71.79,107.2895727,109.554285,2.07,5838,75,9966,38845000,16905.6
,180332,3537,17297,71.79,107.2895727,109.554285,2.07,5925,79,9915,38851000,16911.0
,180443,3539,17350,71.88,107.2895727,109.554285,2.07,6381,170,9901,38858000,16916.2
,180483,3533,17371,71.88,107.2895727,109.554285,2.07,6100,116,9977,38872000,16921.4
,180545,3535,17397,71.88,107.2895727,109.554285,2.07,6126,116,9876,38883000,16926.7
,180664,3550,17450,71.88,107.2895727,109.554285,2.07,6354,148,9983,38891000,16931.7
,180771,3557,17503,71.88,107.2895727,109.554285,2.07,6201,86,9409,38898000,16936.7
,180889,3560,17557,71.89,107.2895727,109.554285,2.07,6363,96,9937,38907000,16942.1
,180948,3565,17584,71.89,107.2895727,109.554285,2.07,6393,96,9808,38917000,16947.2
,181013,3571,17612,71.89,107.2895727,109.554285,2.07,6496,117,9890,38928000,16952.2
,181077,3580,17642,71.89,107.2895727,109.554285,2.07,6522,117,9974,38939000,16957.4
,181138,3590,17666,71.89,107.2895727,109.554285,2.07,6791,139,9974,38949000,16962.5
,181244,3588,17717,71.89,107.2895727,109.554285,2.07,6449,162,9995,38959000,16967.5
,181353,3589,17767,71.89,107.2895727,109.554285,2.07,6372,107,9802,38970000,16972.7
,181410,3589,17796,71.9,107.2895727,109.554285,2.07,6404,107,9861,38980000,16977.8
,181484,3605,17825,71.9,107.2895727,109.554285,2.07,6447,122,9849,38991000,16982.8
,181532,3599,17850,71.94,107.2895727,109.554285,2.07,7034,103,9944,39001000,16988.4
,181657,3602,17908,71.94,107.2895727,109.554285,2.07,7186,119,9719,39008000,16993.4
,181771,3605,17964,71.94,107.2895727,109.554285,2.07,6924,98,9862,39019000,16998.6
,181862,3609,18002,71.94,107.2895727,109.554285,2.07,6840,98,9973,39031000,17004.4
,181923,3612,18032,71.95,107.2895727,109.554285,2.07,6870,98,9913,39044000,17009.6
,181986,3613,18061,71.97,107.2895727,109.554285,2.07,6673,99,9842,39055000,17015.3
,182080,3619,18102,71.97,107.2895727,109.554285,2.07,6895,129,9868,39065000,17020.4
,182149,3627,18127,71.97,107.2895727,109.554285,2.07,7135,154,9960,39078000,17026.3
,182288,3662,18183,71.97,107.2895727,109.554285,2.07,6602,116,9898,39085000,17031.3
,182384,3666,18219,71.97,107.2895727,109.554285,2.07,6646,155,9898,39094000,17036.3
,182471,3679,18260,71.97,107.2895727,109.554285,2.07,6706,128,9884,39105000,17042.2
,182521,3680,18283,71.97,107.2895727,109.554285,2.07,6730,128,9996,39118000,17047.5
,182575,3694,18305,71.97,107.2895727,109.554285,2.07,6747,147,9944,39130000,17052.6
,182661,3691,18346,71.97,107.2895727,109.554285,2.07,6905,85,9829,39140000,17058.1
,182684,3689,18355,71.97,107.2895727,109.554285,2.07,7172,185,9923,39157000,17064.2
,182739,3698,18377,71.97,107.2895727,109.554285,2.07,7189,185,9968,39168000,17069.6
,182860,3714,18427,71.97,107.2895727,109.554285,2.07,7632,164,9540,39175000,17074.6
,183051,3746,18505,71.97,107.2895727,109.554285,2.07,7465,68,9911,39178000,17079.7
,183193,3754,18571,71.98,107.2895727,109.554285,2.07,7810,125,9983,39185000,17084.9
,183282,3758,18609,72.03,107.2895727,109.554285,2.07,7846,125,9966,39195000,17089.9
,183456,3799,18674,72.03,107.2895727,109.554285,2.07,7568,54,9826,39201000,17094.9
,183599,3806,18733,72.04,107.2895727,109.554285,2.07,7753,119,9826,39210000,17100.4
,183658,3806,18762,72.05,107.2895727,109.554285,2.07,7757,140,9975,39221000,17105.4
,183777,3825,18809,72.05,107.2895727,109.554285,2.07,7678,151,9932,39229000,17110.4
,183844,3827,18840,72.05,107.2895727,109.554285,2.07,6772,105,10004,39235000,17115.8
,183870,3824,18849,72.05,107.2895727,109.554285,2.07,7108,179,9968,39246000,17122.4
,183936,3829,18883,72.07,107.2895727,109.554285,2.07,7134,179,9763,39257000,17127.5
,184047,3844,18928,72.07,107.2895727,109.554285,2.07,7401,96,10001,39267000,17132.9
,184076,3843,18940,72.09,107.2895727,109.554285,2.07,7931,193,9964,39276000,17138.0
,184195,3856,18993,72.09,107.2895727,109.554285,2.07,8120,78,9983,39284000,17143.4
,184241,3854,19016,72.1,107.2895727,109.554285,2.07,7230,89,9992,39294000,17148.8
,184317,3853,19046,72.15,107.2895727,109.554285,2.07,6957,101,9679,39305000,17153.8
,184423,3877,19093,72.15,107.2895727,109.554285,2.07,7070,117,9989,39315000,17159.1
,184464,3875,19115,72.15,107.2895727,109.554285,2.07,6604,97,9990,39325000,17164.2
,184496,3872,19130,72.15,107.2895727,109.554285,2.07,6681,156,9843,39345000,17170.7
,184593,3889,19171,72.15,107.2895727,109.554285,2.07,7068,184,9753,39351000,17175.8
,184629,3892,19185,72.15,107.2895727,109.554285,2.07,6827,107,9899,39363000,17181.1
,184677,3889,19209,72.15,107.2895727,109.554285,2.07,6436,117,9740,39375000,17187.1
,184763,3893,19247,72.16,107.2895727,109.554285,2.07,6476,117,9990,39384000,17192.1
,184873,3909,19292,72.25,107.2895727,109.554285,2.07,6552,33,9811,39393000,17197.2
,184961,3908,19339,72.26,107.2895727,109.554285,2.07,7159,242,9824,39403000,17202.6
,184995,3909,19352,72.26,107.2895727,109.554285,2.07,7184,242,9986,39417000,17207.6
,185044,3914,19373,72.26,107.2895727,109.554285,2.07,7207,242,9624,39431000,17212.9
,185093,3913,19397,72.26,107.2895727,109.554285,2.07,7168,117,9542,39442000,17218.2
,185210,3927,19447,72.26,107.2895727,109.554285,2.07,7217,145,9784,39459000,17225.9
,185301,3943,19482,72.27,107.2895727,109.554285,2.07,7303,179,9995,39468000,17231.0
,185375,3945,19512,72.27,107.2895727,109.554285,2.07,8361,125,9948,39481000,17237.1
,185469,3969,19551,72.28,107.2895727,109.554285,2.07,8264,138,9909,39493000,17242.4
,185608,3981,19611,72.28,107.2895727,109.554285,2.07,7980,154,10001,39498000,17247.5
,185710,3984,19650,72.3,107.2895727,109.554285,2.07,7562,145,9945,39508000,17253.2
,185793,3999,19680,72.32,107.2895727,109.554285,2.07,7665,73,9780,39520000,17258.2
,185923,4003,19734,72.32,107.2895727,109.554285,2.07,7375,67,9731,39526000,17263.2
,186008,4005,19775,72.32,107.2895727,109.554285,2.07,7476,111,9766,39534000,17268.2
,186097,4016,19812,72.33,107.2895727,109.554285,2.07,7537,131,9895,39545000,17273.4
,186169,4027,19843,72.33,107.2895727,109.554285,2.07,7577,131,9914,39555000,17278.5
,186286,4030,19886,72.33,107.2895727,109.554285,2.07,7158,95,9968,39565000,17284.2
,186345,4038,19907,72.33,107.2895727,109.554285,2.07,7187,95,9879,39581000,17289.2
,186430,4052,19939,72.33,107.2895727,109.554285,2.07,6815,58,9930,39593000,17294.3
,186506,4059,19974,72.33,107.2895727,109.554285,2.07,6569,139,9942,39606000,17300.3
,186548,4063,19992,72.33,107.2895727,109.554285,2.07,6589,139,9742,39618000,17305.5
,186608,4083,20013,72.33,107.2895727,109.554285,2.07,6773,144,9642,39629000,17311.0
,186711,4087,20062,72.33,107.2895727,109.554285,2.07,6912,76,9937,39638000,17318.2
,186804,4092,20100,72.33,107.2895727,109.554285,2.07,7092,85,9955,39647000,17323.4
,186840,4096,20114,72.33,107.2895727,109.554285,2.07,7144,122,9993,39662000,17328.7
,186931,4113,20152,72.33,107.2895727,109.554285,2.07,7183,122,10049,39672000,17333.8
,187059,4132,20201,72.33,107.2895727,109.554285,2.07,7559,83,9934,39682000,17338.8
,187092,4130,20217,72.33,107.2895727,109.554285,2.07,7428,170,9902,39694000,17344.1
,187140,4133,20236,72.33,107.2895727,109.554285,2.07,7450,170,9954,39706000,17349.2
,187214,4135,20273,72.33,107.2895727,109.554285,2.07,7461,48,9997,39715000,17354.2
,187313,4141,20314,72.34,107.2895727,109.554285,2.07,6754,149,9554,39721000,17359.2
,187403,4140,20358,72.34,107.2895727,109.554285,2.07,7578,48,9823,39728000,17364.2
,187494,4142,20399,72.43,107.2895727,109.554285,2.07,7494,63,9647,39738000,17369.7
,187605,4155,20445,72.43,107.2895727,109.554285,2.07,7988,96,9986,39747000,17375.0
,187626,4155,20453,72.44,107.2895727,109.554285,2.07,7609,188,9853,39760000,17380.5
,187721,4155,20496,72.44,107.2895727,109.554285,2.07,8006,57,9386,39767000,17385.6
,187774,4151,20526,72.44,107.2895727,109.554285,2.07,8048,81,9677,39776000,17390.6
,187785,4150,20528,72.44,107.2895727,109.554285,2.07,7964,170,9701,39790000,17395.6
,187850,4160,20556,72.47,107.2895727,109.554285,2.07,7984,170,9885,39800000,17400.7
,187953,4168,20600,72.47,107.2895727,109.554285,2.07,7780,116,9810,39809000,17405.7
,188139,4177,20674,72.51,107.2895727,109.554285,2.07,8262,73,9983,39817000,17410.8
,188205,4176,20706,72.52,107.2895727,109.554285,2.07,8507,136,9947,39828000,17415.9
,188274,4182,20732,72.52,107.2895727,109.554285,2.07,8540,136,9947,39839000,17421.0
,188380,4200,20775,72.52,107.2895727,109.554285,2.07,7921,59,9939,39846000,17426.1
,188522,4213,20837,72.52,107.2895727,109.554285,2.07,8032,95,9760,39854000,17431.6
,188563,4218,20856,72.54,107.2895727,109.554285,2.07,7943,117,9933,39869000,17436.7
,188684,4232,20901,72.54,107.2895727,109.554285,2.07,8165,130,9973,39880000,17441.7
,188829,4248,20960,72.54,107.2895727,109.554285,2.07,7526,81,9696,39886000,17446.9
,188856,4251,20971,72.54,107.2895727,109.554285,2.07,7484,141,9923,39907000,17453.9
,188924,4259,20996,72.54,107.2895727,109.554285,2.07,6592,96,9805,39915000,17458.9
,188975,4259,21016,73.27,107.2895727,109.554285,2.07,7209,155,9915,39925000,17463.9
,189070,4268,21061,73.27,107.2895727,109.554285,2.07,7219,45,9769,39935000,17468.9
,189172,4279,21104,73.27,107.2895727,109.554285,2.07,7265,78,9962,39943000,17473.9
,189249,4283,21141,73.27,107.2895727,109.554285,2.07,5740,71,9950,39955000,17479.3
,189274,4291,21148,73.27,107.2895727,109.554285,2.07,5959,265,9761,39969000,17484.9
,189367,4285,21195,73.27,107.2895727,109.554285,2.07,6158,188,9954,39979000,17490.0
,189401,4286,21211,73.27,107.2895727,109.554285,2.07,6187,188,9834,40042000,17507.0
,189452,4289,21235,73.28,107.2895727,109.554285,2.07,6213,188,9996,40054000,17512.3
,189505,4280,21267,73.28,107.2895727,109.554285,2.07,5702,109,9961,40064000,17517.4
,189554,4277,21291,73.28,107.2895727,109.554285,2.07,5574,109,9734,40073000,17522.4
,189588,4276,21309,73.28,107.2895727,109.554285,2.07,5998,131,9806,40083000,17527.6
,189658,4283,21340,73.28,107.2895727,109.554285,2.07,6038,146,9939,40094000,17532.8
,189747,4283,21375,73.29,107.2895727,109.554285,2.07,5965,86,9926,40105000,17537.9
,189823,4284,21412,73.29,107.2895727,109.554285,2.07,5918,181,9853,40115000,17543.0
,189912,4310,21446,73.29,107.2895727,109.554285,2.07,5979,113,9740,40123000,17548.1
,189941,4305,21459,73.29,107.2895727,109.554285,2.07,6614,166,9858,40139000,17553.3
,190001,4309,21481,73.29,107.2895727,109.554285,2.07,6633,166,9856,40154000,17558.5
,190037,4319,21500,73.29,107.2895727,109.554285,2.07,6830,150,9951,40166000,17563.7
,190159,4318,21548,73.29,107.2895727,109.554285,2.07,5813,175,9912,40180000,17570.7
,190234,4321,21582,73.29,107.2895727,109.554285,2.07,5846,175,9986,40188000,17575.7
,190342,4325,21631,73.29,107.2895727,109.554285,2.07,5933,128,9855,40197000,17580.8
,190475,4332,21694,73.29,107.2895727,109.554285,2.07,6166,108,9767,40206000,17586.7
,190530,4326,21725,73.32,107.2895727,109.554285,2.07,6054,112,9950,40218000,17591.7
,190612,4330,21756,73.32,107.2895727,109.554285,2.07,5738,98,9910,40231000,17596.7
,190682,4335,21788,73.32,107.2895727,109.554285,2.07,5562,131,9981,40243000,17601.7
,190743,4339,21815,73.32,107.2895727,109.554285,2.07,5592,131,9736,40255000,17606.8
,190777,4332,21833,73.36,107.2895727,109.554285,2.07,6122,179,9841,40271000,17612.8
,190835,4337,21860,73.45,107.2895727,109.554285,2.07,6411,198,9861,40286000,17617.9
,190982,4354,21920,73.56,107.2895727,109.554285,2.07,6600,116,9792,40294000,17622.9
,191110,4355,21978,73.56,107.2895727,109.554285,2.07,6457,95,9748,40306000,17628.5
,191187,4357,22013,73.56,107.2895727,109.554285,2.07,6483,95,9849,40320000,17633.7
,191241,4357,22042,73.65,107.2895727,109.554285,2.07,7629,140,9822,40332000,17639.9
,191268,4355,22056,73.95,107.2895727,109.554285,2.07,7087,217,9975,40344000,17645.2
,191303,4357,22073,73.95,107.2895727,109.554285,2.07,7101,217,9949,40356000,17650.3
,191366,4358,22102,73.95,107.2895727,109.554285,2.07,6398,118,9497,40369000,17656.5
,191417,4359,22125,73.95,107.2895727,109.554285,2.07,6425,118,9775,40383000,17661.8
,191528,4367,22171,73.95,107.2895727,109.554285,2.07,6289,151,9915,40391000,17666.8
,191705,4388,22244,73.95,107.2895727,109.554285,2.07,6829,47,9934,40395000,17672.1
,191809,4394,22289,73.95,107.2895727,109.554285,2.07,6999,179,9926,40403000,17677.5
,191946,4397,22339,73.95,107.2895727,109.554285,2.07,5969,92,9966,40409000,17682.6
,192037,4414,22372,73.95,107.2895727,109.554285,2.07,6229,152,9811,40423000,17689.6
,192076,4415,22390,73.95,107.2895727,109.554285,2.07,6256,152,9661,40436000,17694.8
,192099,4419,22399,73.95,107.2895727,109.554285,2.07,6284,152,9887,40455000,17701.3
,192118,4421,22410,73.95,107.2895727,109.554285,2.07,6308,152,9995,40475000,17707.3
,192187,4426,22442,73.95,107.2895727,109.554285,2.07,6431,165,9877,40488000,17712.3
,192243,4424,22466,73.95,107.2895727,109.554285,2.07,6844,140,9822,40498000,17717.6
,192340,4424,22515,73.96,107.2895727,109.554285,2.07,7124,144,9982,40510000,17723.7
,192480,4439,22576,73.96,107.2895727,109.554285,2.07,6666,183,9924,40516000,17728.8
,192556,4440,22609,74.01,107.2895727,109.554285,2.07,6849,111,9891,40555000,17741.1
,192606,4436,22634,74.05,107.2895727,109.554285,2.07,7445,121,9931,40566000,17746.3
,192635,4440,22647,74.05,107.2895727,109.554285,2.07,7460,121,9986,40584000,17751.7
,192687,4444,22666,74.05,107.2895727,109.554285,2.07,7680,83,9861,40594000,17756.7
,192849,4465,22731,74.05,107.2895727,109.554285,2.07,7082,47,9731,40600000,17761.8
,192924,4468,22765,74.06,107.2895727,109.554285,2.07,7763,174,9944,40614000,17770.4
,192973,4464,22790,74.1,107.2895727,109.554285,2.07,7916,152,9979,40623000,17775.4
,193037,4464,22820,74.1,107.2895727,109.554285,2.07,7997,191,9862,40635000,17780.6
,193136,4478,22858,74.12,107.2895727,109.554285,2.07,7862,80,9950,40644000,17785.6
,193177,4471,22878,74.12,107.2895727,109.554285,2.07,7979,180,9960,40657000,17790.8
,193240,4474,22908,74.15,107.2895727,109.554285,2.07,8315,109,9999,40666000,17795.8
,193417,4484,22987,74.15,107.2895727,109.554285,2.07,8307,177,9944,40674000,17800.8
,193475,4483,23016,74.15,107.2895727,109.554285,2.07,7977,107,9924,40688000,17806.0
,193520,4486,23034,74.15,107.2895727,109.554285,2.07,8008,107,9831,40702000,17811.3
,193553,4480,23056,74.16,107.2895727,109.554285,2.07,8353,174,9999,40804000,17842.5
,193576,4481,23067,74.16,107.2895727,109.554285,2.07,8363,174,9805,40818000,17847.5
,193595,4481,23077,74.16,107.2895727,109.554285,2.07,8371,174,9839,40833000,17852.5
,193613,4481,23086,74.16,107.2895727,109.554285,2.07,8377,174,9872,40849000,17857.8
,193652,4479,23101,74.17,107.2895727,109.554285,2.07,7951,241,9990,40864000,17863.4
,193723,4484,23136,74.17,107.2895727,109.554285,2.07,8006,241,9849,40874000,17868.5
,193791,4486,23169,74.17,107.2895727,109.554285,2.07,7357,68,9933,40882000,17873.7
,193862,4489,23200,74.17,107.2895727,109.554285,2.07,7828,98,9536,40894000,17878.7
,193892,4490,23216,74.17,107.2895727,109.554285,2.07,7244,88,9652,40906000,17883.8
,193956,4486,23248,74.17,107.2895727,109.554285,2.07,7421,82,9945,40919000,17889.0
,193964,4485,23252,74.21,107.2895727,109.554285,2.07,6983,209,9971,40926000,17894.0
,194008,4481,23272,74.22,107.2895727,109.554285,2.07,7050,261,9686,40938000,17899.0
,194120,4490,23326,74.22,107.2895727,109.554285,2.07,6843,102,9945,40943000,17904.1
,194163,4491,23345,74.23,107.2895727,109.554285,2.07,6552,93,9961,40955000,17909.4
,194230,4503,23373,74.23,107.2895727,109.554285,2.07,6579,93,9907,40967000,17914.6
,194295,4504,23399,74.23,107.2895727,109.554285,2.07,6851,130,9948,40979000,17919.8
,194363,4516,23430,74.23,107.2895727,109.554285,2.07,6884,130,10005,40991000,17924.9
,194408,4513,23452,74.28,107.2895727,109.554285,2.07,6998,88,9840,41004000,17930.4
,194444,4503,23474,74.32,107.2895727,109.554285,2.07,6697,126,9549,41016000,17935.5
,194473,4497,23491,74.33,107.2895727,109.554285,2.07,6078,117,9717,41030000,17941.7
,194571,4497,23533,74.33,107.2895727,109.554285,2.07,6201,154,9988,41040000,17946.8
,194693,4528,23581,74.33,107.2895727,109.554285,2.07,6358,72,9969,41045000,17951.9
,194827,4544,23641,74.33,107.2895727,109.554285,2.07,6359,105,9839,41049000,17957.0
,194875,4539,23669,74.34,107.2895727,109.554285,2.07,6624,160,9975,41057000,17962.3
,194945,4546,23696,74.34,107.2895727,109.554285,2.07,6654,160,9903,41067000,17967.3
,194990,4550,23720,74.34,107.2895727,109.554285,2.07,6670,129,9979,41079000,17972.6
,195020,4552,23732,74.35,107.2895727,109.554285,2.07,6628,136,9889,41093000,17977.7
,195098,4554,23770,74.35,107.2895727,109.554285,2.07,6563,166,9833,41108000,17984.3
,195197,4560,23817,74.35,107.2895727,109.554285,2.07,6711,71,9973,41118000,17989.6
,195269,4556,23854,74.35,107.2895727,109.554285,2.07,6628,119,9952,41130000,17994.6
,195341,4563,23884,74.35,107.2895727,109.554285,2.07,6608,148,9845,41140000,17999.6
,195356,4574,23888,74.35,107.2895727,109.554285,2.07,6611,148,9870,41140000,18000.0
